directed_by,no_in_season,no_in_series,original_air_date,production_code,title,us_viewers_millions,written_by,nth_season,show
Jean de Segonzac,1,1,1999-09-20 00:00:00,E0901,Payback,,Dick Wolf,1,svu
Lesli Linka Glatter,2,2,1999-09-27 00:00:00,E0903,A Single Life,,Miriam Kazdin,1,svu
Rick Rosenthal,3,3,1999-10-04 00:00:00,E0907,...Or Just Look Like One,,Michael R. Perry,1,svu
Richard Dobbs,4,4,1999-10-11 00:00:00,E0908,Hysteria,,Dawn DeNoon & Lisa Marie Petersen,1,svu
David Hugh Jones,5,5,1999-10-18 00:00:00,E0905,Wanderlust,,Wendy West,1,svu
Clark Johnson,6,6,1999-10-25 00:00:00,E0904,Sophomore Jinx,,John Chambers,1,svu
Michael Fields,7,7,1999-11-15 00:00:00,E0912,Uncivilized,,Teleplay: Robert Palm & Wendy West Story: Robert Palm,1,svu
Peter Medak,8,8,1999-11-22 00:00:00,E0911,Stalked,,Roger Garrett,1,svu
Constantine Makris,9,9,1999-11-29 00:00:00,E0914,Stocks & Bondage,,Michael R. Perry,1,svu
Steve Wertimer,10,10,2000-01-07 00:00:00,E0915,Closure (Part I),,Wendy West,1,svu
Michael Fields,11,11,2000-01-14 00:00:00,E0916,Bad Blood,,Lisa Marie Petersen & Dawn DeNoon,1,svu
Rick Rosenthal,12,12,2000-01-21 00:00:00,E0913,Russian Love Poem,14300000.0,Eva Nagorski,1,svu
David Platt,13,13,2000-02-04 00:00:00,E0910,Disrobed,,Janet Tamaro,1,svu
Constantine Makris,14,14,2000-02-11 00:00:00,E0919,Limitations,,Michael R. Perry,1,svu
Ed Sherin,15,15,2000-02-18 00:00:00,E0918,Entitled,,"Teleplay: Robert Palm & Wendy West Story: Dick Wolf, Robert Palm, & René Balcer",1,svu
Jud Taylor,16,16,2000-02-25 00:00:00,E0920,The Third Guy,,Dawn DeNoon & Lisa Marie Petersen,1,svu
Richard Dobbs,17,17,2000-03-31 00:00:00,E0912,Misleader,,Teleplay: Nick Kendrick Story: Nick Harding & Nick Kendrick,1,svu
Richard Dobbs,18,18,2000-04-14 00:00:00,E0923,Chat Room,,Roger Garrett,1,svu
Michael Zinberg,19,19,2000-04-28 00:00:00,E0921,Contact,12840000.0,Robert Palm & Wendy West,1,svu
Alexander Cassini,20,20,2000-05-06 00:00:00,E0924,Remorse,,Michael R. Perry,1,svu
Jean de Segonzac,21,21,2000-05-12 00:00:00,E0922,Nocturne,13700000.0,Wendy West,1,svu
Ted Kotcheff,22,22,2000-05-19 00:00:00,E0926,Slaves,,Dawn DeNoon & Lisa Marie Petersen,1,svu
David Platt,1,203,2008-09-23 00:00:00,10002,Trials,9520000.0,Dawn DeNoon,10,svu
Arthur W. Forney,2,204,2008-09-30 00:00:00,10003,Confession,10220000.0,Judith McCreary,10,svu
David Platt,3,205,2008-10-14 00:00:00,10004,Swing,9400000.0,Amanda Green,10,svu
Peter Leto,4,206,2008-10-21 00:00:00,10001,Lunacy,9350000.0,Daniel Truly,10,svu
Peter Leto,5,207,2008-10-28 00:00:00,10005,Retro,9200000.0,Jonathan Greene & Joshua Kotcheff,10,svu
David Platt,6,208,2008-11-11 00:00:00,10006,Babes,9420000.0,Daniel Truly,10,svu
Peter Leto,7,209,2008-11-18 00:00:00,10008,Wildlife,10180000.0,Mick Betancourt,10,svu
Helen Shaver,8,210,2008-11-25 00:00:00,10009,Persona,8550000.0,Amanda Green,10,svu
Eriq La Salle,9,211,2008-12-02 00:00:00,10007,PTSD,10310000.0,Judith McCreary,10,svu
Chris Eyre,10,212,2008-12-09 00:00:00,10010,Smut,10930000.0,Kam Miller,10,svu
David Platt,11,213,2009-01-06 00:00:00,10011,Stranger,10640000.0,Dawn DeNoon,10,svu
Peter Leto,12,214,2009-01-13 00:00:00,10012,Hothouse,9660000.0,Charley Davis,10,svu
David Platt,13,215,2009-02-03 00:00:00,10013,Snatched,10310000.0,Mick Betancourt,10,svu
Peter Leto,14,216,2009-02-17 00:00:00,10014,Transitions,9450000.0,Ken Storer,10,svu
David Platt,15,217,2009-03-10 00:00:00,10015,Lead,11030000.0,Jonathan Greene,10,svu
Peter Leto,16,218,2009-03-17 00:00:00,10016,Ballerina,10580000.0,Daniel Truly,10,svu
David Platt,17,219,2009-03-31 00:00:00,10017,Hell,9340000.0,Amanda Green,10,svu
Christopher Zalla,18,220,2009-04-07 00:00:00,10018,Baggage,9080000.0,Judith McCreary,10,svu
David Platt,19,221,2009-04-28 00:00:00,10019,Selfish,10230000.0,Mick Betancourt,10,svu
Peter Leto,20,222,2009-05-05 00:00:00,10020,Crush,9790000.0,Jonathan Greene,10,svu
Juan José Campanella,21,223,2009-05-19 00:00:00,10021,Liberties,6730000.0,Dawn DeNoon,10,svu
Peter Leto,22,224,2009-06-02 00:00:00,10022,Zebras,11340000.0,Amanda Green & Daniel Truly,10,svu
Arthur W. Forney,1,225,2009-09-23 00:00:00,11001,Unstable,8359999.999999999,Judith McCreary,11,svu
Peter Leto,2,226,2009-09-30 00:00:00,11002,Sugar,7900000.0,Daniel Truly,11,svu
Helen Shaver,3,227,2009-10-07 00:00:00,11003,Solitary,8289999.999999999,Amanda Green,11,svu
Peter Leto,4,228,2009-10-14 00:00:00,11004,Hammered,8770000.0,Dawn DeNoon,11,svu
David Platt,5,229,2009-10-21 00:00:00,11005,Hardwired,9150000.0,Mick Betancourt,11,svu
Peter Leto,6,230,2009-10-28 00:00:00,11006,Spooked,8240000.0,Jonathan Greene,11,svu
David Platt,7,231,2009-11-04 00:00:00,11008,Users,7940000.0,Michael Angeli,11,svu
Peter Leto,8,232,2009-11-11 00:00:00,11009,Turmoil,8770000.0,Judith McCreary,11,svu
David Platt,9,233,2009-11-18 00:00:00,11010,Perverted,8440000.0,Dawn DeNoon,11,svu
Jonathan Kaplan,10,234,2009-12-09 00:00:00,11007,Anchor,7910000.0,Amanda Green & Daniel Truly,11,svu
David Platt,11,235,2010-01-06 00:00:00,11011,Quickie,11490000.0,Ken Storer,11,svu
Amy Redford,12,236,2010-01-13 00:00:00,11012,Shadow,7650000.0,Amanda Green,11,svu
Juan J. Campanella,13,237,2010-03-03 00:00:00,11015,P.C.,7470000.0,Daniel Truly,11,svu
Peter Leto,14,238,2010-03-03 00:00:00,11014,Savior,9040000.0,Mick Betancourt,11,svu
Peter Leto,15,239,2010-03-10 00:00:00,11013,Confidential,8570000.0,Jonathan Greene,11,svu
David Platt,16,240,2010-03-17 00:00:00,11016,Witness,9650000.0,Dawn DeNoon & Christine M. Torres,11,svu
Paul Black,17,241,2010-03-24 00:00:00,11017,Disabled,10580000.0,Judith McCreary,11,svu
Helen Shaver,18,242,2010-03-31 00:00:00,11018,Bedtime,10080000.0,Teleplay: Neal Baer & Daniel Truly Story: Charley Davis,11,svu
David Platt,19,243,2010-04-07 00:00:00,11019,Conned,8359999.999999999,Ken Storer,11,svu
Peter Leto,20,244,2010-04-21 00:00:00,11020,Beef,8750000.0,Lisa Loomer,11,svu
Peter Leto,21,245,2010-04-28 00:00:00,11021,Torch,9480000.0,Mick Betancourt & Amanda Green,11,svu
David Platt,22,246,2010-05-05 00:00:00,11022,Ace,8420000.0,Jonathan Greene,11,svu
David Platt,23,247,2010-05-12 00:00:00,11023,Wannabe,8560000.0,Dawn DeNoon,11,svu
Peter Leto,24,248,2010-05-19 00:00:00,11024,Shattered,8610000.0,Amanda Green & Daniel Truly,11,svu
Arthur W. Forney,1,249,2010-09-22 00:00:00,12001,Locum,9680000.0,Dawn DeNoon,12,svu
Peter Leto,2,250,2010-09-22 00:00:00,12002,Bullseye,10360000.0,Daniel Truly,12,svu
Helen Shaver,3,251,2010-09-29 00:00:00,12003,Behave,9480000.0,Jonathan Greene,12,svu
Peter Leto,4,252,2010-10-06 00:00:00,12004,Merchandise,8690000.0,Judith McCreary,12,svu
Jonathan Kaplan,5,253,2010-10-13 00:00:00,12005,Wet,8130000.000000001,Speed Weed,12,svu
Peter Leto,6,254,2010-10-20 00:00:00,12006,Branded,8740000.0,Chris Brancato,12,svu
Donna Deitch,7,255,2010-11-03 00:00:00,12007,Trophy,8130000.000000001,Ken Storer,12,svu
Peter Leto,8,256,2010-11-10 00:00:00,12008,Penetration,7180000.0,Christine M. Torres & Dawn DeNoon,12,svu
Helen Shaver,9,257,2010-11-17 00:00:00,12009,Gray,7650000.0,George Huang,12,svu
Peter Leto & Constantine Makris,10,258,2010-12-01 00:00:00,12010,Rescue,9220000.0,Daniel Truly,12,svu
Norberto Barba,11,259,2011-01-05 00:00:00,12012,Pop,10600000.0,Jonathan Greene,12,svu
Constantine Makris,12,260,2011-01-05 00:00:00,12013,Possessed,10600000.0,Brian Fagan,12,svu
Donna Deitch,13,261,2011-01-12 00:00:00,12015,Mask,8390000.0,Speed Weed,12,svu
Helen Shaver,14,262,2011-01-19 00:00:00,12011,Dirty,6970000.0,Judith McCreary,12,svu
Alex Chapple,15,263,2011-02-02 00:00:00,12016,Flight,8810000.0,Dawn DeNoon & Christine M. Torres,12,svu
Peter Leto,16,264,2011-02-09 00:00:00,12014,Spectacle,7890000.0,Chris Brancato,12,svu
Jonathan Kaplan,17,265,2011-02-16 00:00:00,12017,Pursuit,7310000.0,Judith McCreary,12,svu
Helen Shaver,18,266,2011-02-23 00:00:00,12018,Bully,8020000.0,Ken Storer,12,svu
Patrick Creadon,19,267,2011-03-23 00:00:00,12019,Bombshell,8840000.0,Daniel Truly,12,svu
Jonathan Kaplan,20,268,2011-03-30 00:00:00,12020,Totem,8540000.0,Jonathan Greene,12,svu
Constantine Makris,21,269,2011-04-06 00:00:00,12021,Reparations,8289999.999999999,Christine M. Torres,12,svu
Peter Leto,22,270,2011-05-04 00:00:00,12022,Bang,8530000.0,Speed Weed,12,svu
Holly Dale,23,271,2011-05-11 00:00:00,12023,Delinquent,8100000.0,Dawn DeNoon,12,svu
Helen Shaver,24,272,2011-05-18 00:00:00,12024,Smoked,8980000.0,Jonathan Greene & Daniel Truly,12,svu
Michael Slovis,1,273,2011-09-21 00:00:00,13003,Scorched Earth,7630000.0,David Matthews,13,svu
Tim McKay,2,274,2011-09-28 00:00:00,13002,Personal Fouls,7240000.0,Bryan Goluboff,13,svu
Tom DiCillo,3,275,2011-10-05 00:00:00,13001,Blood Brothers,7980000.0,Julie Martin & Warren Leight,13,svu
Fred Berner,4,276,2011-10-12 00:00:00,13004,Double Strands,7340000.0,John P. Roche,13,svu
Peter Leto,5,277,2011-10-19 00:00:00,13005,Missing Pieces,7660000.0,Julie Martin & Warren Leight,13,svu
Courtney Hunt,6,278,2011-11-02 00:00:00,13006,True Believers,7100000.0,Robin Veith,13,svu
Alex Chapple,7,279,2011-11-09 00:00:00,13007,Russian Brides,6700000.0,Bryan Goluboff,13,svu
Arthur W. Forney,8,280,2011-11-16 00:00:00,13008,Educated Guess,7330000.0,Judith McCreary,13,svu
Jean de Segonzac,9,281,2011-11-30 00:00:00,13009,Lost Traveller,9900000.0,Julie Martin & David Matthews,13,svu
Alex Chapple,10,282,2011-12-07 00:00:00,13010,Spiraling Down,7030000.0,John P. Roche & Warren Leight,13,svu
Constantine Makris,11,283,2012-01-11 00:00:00,13011,Theatre Tricks,8400000.0,"Teleplay: Marygrace O'Shea Story: Marygrace O'Shea, Julie Martin & Warren Leight",13,svu
Michael Smith,12,284,2012-01-18 00:00:00,13012,Official Story,6420000.0,Peter Blauner,13,svu
Jean de Segonzac,13,285,2012-02-08 00:00:00,13013,Father's Shadow,6550000.0,Julie Martin & Warren Leight,13,svu
Jim McKay,14,286,2012-02-15 00:00:00,13014,Home Invasions,5900000.0,Bryan Goluboff,13,svu
Jonathan Kaplan,15,287,2012-02-22 00:00:00,13015,Hunting Ground,5990000.0,Teleplay: John P. Roche & David Matthews Story: John P. Roche & Warren Leight,13,svu
Holly Dale,16,288,2012-02-29 00:00:00,13016,Child's Welfare,5420000.0,Teleplay: Julie Martin & Peter Blauner Story: Warren Leight,13,svu
Michael Slovis,17,289,2012-04-11 00:00:00,13018,Justice Denied,5570000.0,Teleplay: Stuart Feldman Story: Stuart Feldman & Warren Leight,13,svu
Peter Leto,18,290,2012-04-18 00:00:00,13017,Valentine's Day,5950000.0,Julie Martin & Warren Leight,13,svu
Arthur W. Forney,19,291,2012-04-25 00:00:00,13020,Street Revenge,6560000.0,Teleplay: David Matthews Story: Julie Martin & David Matthews,13,svu
Rosemary Rodriguez,20,292,2012-05-02 00:00:00,13021,Father Dearest,6620000.0,Teleplay: John P. Roche Story: John P. Roche & Warren Leight,13,svu
Jonathan Herron,21,293,2012-05-09 00:00:00,13019,Learning Curve,5900000.0,Teleplay: Robin Veith Story: Julie Martin & Warren Leight,13,svu
Alex Chapple,22,294,2012-05-16 00:00:00,13022,Strange Beauty,5560000.0,Robin Veith & Peter Blauner,13,svu
Norberto Barba,23,295,2012-05-23 00:00:00,13023,Rhodium Nights,7160000.0,Julie Martin & Warren Leight,13,svu
Michael Slovis,1,296,2012-09-26 00:00:00,14001,Lost Reputation,7190000.0,Julie Martin & Warren Leight,14,svu
Michael Slovis,2,297,2012-09-26 00:00:00,14002,Above Suspicion,7190000.0,Julie Martin & Warren Leight,14,svu
Jean de Segonzac,3,298,2012-10-10 00:00:00,14003,Twenty-Five Acts,6240000.0,Teleplay by: John P. Roche Story by: Julie Martin & Warren Leight,14,svu
Alex Chapple,4,299,2012-10-17 00:00:00,14004,Acceptable Loss,6250000.0,Ed Zuckerman,14,svu
Jean de Segonzac,5,300,2012-10-24 00:00:00,14005,Manhattan Vigil,6770000.0,Peter Blauner,14,svu
Jim McKay,6,301,2012-10-31 00:00:00,14006,Friending Emily,6050000.0,Kevin Fox,14,svu
Michael Slovis,7,302,2012-11-14 00:00:00,14007,Vanity's Bonfire,5780000.0,Teleplay by: Gwendolyn Parker Story by: Gwendolyn Parker & Warren Leight,14,svu
Alex Chapple,8,303,2012-11-21 00:00:00,14008,Lessons Learned,5200000.0,Teleplay by: Ed Zuckerman & John P. Roche Story by: Julie Martin & Ed Zuckerman,14,svu
Michael Smith,9,304,2012-12-05 00:00:00,14009,Dreams Deferred,6160000.0,Julie Martin & Warren Leight,14,svu
Courtney Hunt,10,305,2013-01-02 00:00:00,14010,Presumed Guilty,7730000.0,Kevin Fox,14,svu
Jean de Segonzac,11,306,2013-01-09 00:00:00,14011,Beautiful Frame,8420000.0,Peter Blauner,14,svu
Adam Bernstein,12,307,2013-01-30 00:00:00,14012,Criminal Hatred,6420000.0,Ed Zuckerman,14,svu
Jean de Segonzac,13,308,2013-02-06 00:00:00,14013,Monster's Legacy,5230000.0,Teleplay by: John P. Roche Story by: Julie Martin & Warren Leight,14,svu
Laura Belsey,14,309,2013-02-13 00:00:00,14014,Secrets Exhumed,6350000.0,Julie Martin & Warren Leight,14,svu
Jim McKay,15,310,2013-02-20 00:00:00,14015,Deadly Ambition,5610000.0,Teleplay by: Julie Martin & Warren Leight Story by: Kevin Fox & Peter Blauner,14,svu
Jean de Segonzac,16,311,2013-02-27 00:00:00,14016,Funny Valentine,5440000.0,Gwendolyn M. Parker,14,svu
Michael Smith,17,312,2013-03-20 00:00:00,14017,Undercover Blue,5510000.0,Aaron Tracy & Ed Zuckerman,14,svu
Jonathan Herron,18,313,2013-03-27 00:00:00,14018,Legitimate Rape,6610000.0,Kevin Fox & Peter Blauner,14,svu
Alex Chapple,19,314,2013-04-03 00:00:00,14019[245],Born Psychopath,6340000.0,Julie Martin & Warren Leight,14,svu
Holly Dale,20,315,2013-04-24 00:00:00,14020,Girl Dishonored,7350000.0,Teleplay by: Robert Brooks Cohen Story by: Julie Martin & Warren Leight,14,svu
Alex Zakrzewski,21,316,2013-05-01 00:00:00,14021,Traumatic Wound,5720000.0,John P. Roche & Gwendolyn Parker,14,svu
Arthur W. Forney,22,317,2013-05-08 00:00:00,14022,Poisoned Motive,6910000.0,Teleplay by: Julie Martin & Ed Zuckerman Story by: Warren Leight,14,svu
Kevin Bray,23,318,2013-05-15 00:00:00,14023,Brief Interlude,6480000.0,"Teleplay by: Kevin Fox & Peter Blauner Story by: Kevin Fox, Pedro Garcia & Peter Blauner",14,svu
Norberto Barba,24,319,2013-05-22 00:00:00,14024,Her Negotiation,6660000.0,Julie Martin & Warren Leight,14,svu
Ted Kotcheff,1,23,2000-10-20 00:00:00,E1403,Wrong Is Right,13390000.0,David J. Burke & Jeff Eckerle,2,svu
Alan Metzger,2,24,2000-10-27 00:00:00,E1407,Honor,13200000.0,Robert F. Campbell & Jonathan Greene,2,svu
Jean de Segonzac,3,25,2000-11-03 00:00:00,E1409,Closure (Part II),13400000.0,"Teleplay: David J. Burke, Judith McCreary, & Wendy West Story: Wendy West",2,svu
Jud Taylor,4,26,2000-11-10 00:00:00,E1401,Legacy,13400000.0,Jeff Eckerle,2,svu
Juan J. Campanella,5,27,2000-11-17 00:00:00,E1411,Baby Killer,12800000.0,Dawn DeNoon & Lisa Marie Petersen,2,svu
Elodie Keene,6,28,2000-11-24 00:00:00,E1417,Noncompliance,15400000.0,Judith McCreary,2,svu
David Platt,7,29,2000-12-01 00:00:00,E1404,Asunder,15430000.0,Judith McCreary,2,svu
Michael Fields,8,30,2000-12-15 00:00:00,E1406,Taken,14310000.0,Dawn DeNoon & Lisa Marie Petersen,2,svu
Jean de Segonzac,9,31,2001-01-12 00:00:00,E1416,Pixies,14800000.0,"Teleplay: Tracey Stern Story: Clifton Campbell, Jeff Eckerle, & Tracey Stern",2,svu
James Quinn,10,32,2001-01-19 00:00:00,E1419,Consent,13600000.0,Jeff Eckerle,2,svu
Richard Dobbs,11,33,2001-01-26 00:00:00,E1415,Abuse,15200000.0,"Teleplay: Dawn DeNoon & Lisa Marie Petersen Story: Dawn DeNoon, Lisa Marie Petersen, & Gwendolyn M. Parker",2,svu
Arthur W. Forney,12,34,2001-02-02 00:00:00,E1416,Secrets,15720000.0,"Teleplay: Robert F. Campbell & Jonathan Greene Story: Robert F. Campbell, Jonathan Greene, & Wendy West",2,svu
Constantine Makris,13,35,2001-02-09 00:00:00,E1420,Victims,14900000.0,Nick Kendrick,2,svu
Richard Dobbs,14,36,2001-02-16 00:00:00,E1426,Paranoia,14100000.0,Robert F. Campbell & Jonathan Greene,2,svu
Steve Shill,15,37,2001-02-23 00:00:00,E1412,Countdown,15500000.0,Dawn DeNoon & Lisa Marie Petersen,2,svu
Richard Dobbs,16,38,2001-03-02 00:00:00,E1405,Runaway,14560000.0,David J. Burke & Nick Kendrick,2,svu
Jud Taylor,17,39,2001-03-23 00:00:00,E1428,Folly,14300000.0,Todd Robinson,2,svu
Stephen Wertimer,18,40,2001-04-20 00:00:00,E1431,Manhunt,12700000.0,Jeff Eckerle,2,svu
David Platt,19,41,2001-04-27 00:00:00,E1427,Parasites,13400000.0,Martin Weiss,2,svu
Steve Shill,20,42,2001-05-04 00:00:00,E1422,Pique,14300000.0,Judith McCreary,2,svu
Alex Zakrzewski,21,43,2001-05-11 00:00:00,E1432,Scourge,15060000.0,Teleplay: Robert F. Campbell & Jonathan Greene Story: Neal Baer,2,svu
Henry J. Bronchtein,1,44,2001-09-28 00:00:00,E2310,Repression,15800000.0,Marilyn Osborn,3,svu
Jean de Segonzac,2,45,2001-10-05 00:00:00,E2314,Wrath,15040000.0,Judith McCreary,3,svu
James Quinn,3,46,2001-10-12 00:00:00,E2315,Stolen,17200000.0,Robert F. Campbell & Jonathan Greene,3,svu
Steve Shill,4,47,2001-10-19 00:00:00,E2318,Rooftop,15440000.0,"Teleplay: Robert F. Campbell & Jonathan Greene Story: Neal Baer, Robert F. Campbell, & Jonathan Greene",3,svu
Jean de Segonzac,5,48,2001-10-26 00:00:00,E2312,Tangled,16500000.0,Dawn DeNoon & Lisa Marie Petersen,3,svu
Ted Kotcheff,6,49,2001-11-02 00:00:00,E2319,Redemption,14580000.0,Jeff Eckerle,3,svu
Lesli Linka Glatter,7,50,2001-11-09 00:00:00,E2309,Sacrifice,16200000.0,Teleplay: Samantha Howard Corbin & Javier Grillo-Marxuach Story: Javier Grillo-Marxuach,3,svu
Juan J. Campanella,8,51,2001-11-16 00:00:00,E2311,Inheritance,14500000.0,"Teleplay: Tara Butters, Kathy Ebel, & Michele Fazekas Story: Kathy Ebel",3,svu
Gloria Muzio,9,52,2001-11-23 00:00:00,E2317,Care,14860000.0,Dawn DeNoon & Lisa Marie Petersen,3,svu
Constantine Makris,10,53,2001-12-14 00:00:00,E2316,Ridicule,15330000.0,Judith McCreary,3,svu
Constantine Makris,11,54,2002-01-04 00:00:00,E2323,Monogamy,17710000.0,Tara Butters & Michele Fazekas,3,svu
Alex Zakrzewski,12,55,2002-01-11 00:00:00,E2327,Protection,17000000.0,Robert F. Campbell & Jonathan Greene,3,svu
Steve Shill,13,56,2002-01-18 00:00:00,E2326,Prodigy,16030000.000000002,Dawn DeNoon & Lisa Marie Petersen,3,svu
Arthur W. Forney,14,57,2002-01-25 00:00:00,E2313,Counterfeit,16760000.000000002,Amanda Green,3,svu
Alex Zakrzewski,15,58,2002-02-01 00:00:00,E2325,Execution,17050000.0,Judith McCreary,3,svu
Jean de Segonzac,16,59,2002-03-01 00:00:00,E2329,Popular,15800000.0,Teleplay:Stephen Belber Story: Stephen Belber & Kathy Ebel,3,svu
Steve Shill,17,60,2002-03-08 00:00:00,E2328,Surveillance,16399999.999999998,Jeff Eckerle,3,svu
David Platt,18,61,2002-03-29 00:00:00,E2332,Guilt,14400000.0,Tara Butters & Michele Fazekas,3,svu
Juan J. Campanella,19,62,2002-04-05 00:00:00,E2331,Justice,16600000.000000002,Dawn DeNoon & Lisa Marie Petersen,3,svu
Constantine Makris,20,63,2002-04-26 00:00:00,E2330,Greed,14220000.0,Robert F. Campbell & Jonathan Greene,3,svu
Steve Shill,21,64,2002-05-03 00:00:00,E2334,Denial,16700000.0,Judith McCreary,3,svu
Jud Taylor,22,65,2002-05-10 00:00:00,E2335,Competence,17300000.0,"Teleplay: Robert F. Campbell & Jonathan Greene Story: Jeff Eckerle, Robert F. Campbell, & Jonathan Greene",3,svu
Steve Shill,23,66,2002-05-17 00:00:00,E3103,Silence,14270000.0,Patrick Harbinson,3,svu
Jean de Segonzac,1,67,2002-09-27 00:00:00,E3151,Chameleon,15600000.0,Michele Fazekas & Tara Butters,4,svu
Constantine Makris,2,68,2002-10-04 00:00:00,E3105,Deception,15200000.0,Michele Fazekas & Tara Butters,4,svu
Juan J. Campanella,3,69,2002-10-11 00:00:00,E3104,Vulnerable,15910000.0,Lisa Marie Petersen & Dawn DeNoon,4,svu
Michael Fields,4,70,2002-10-18 00:00:00,E3102,Lust,15100000.0,Amanda Green,4,svu
Alex Zakrzewski,5,71,2002-10-25 00:00:00,E3101,Disappearing Acts,16500000.0,Judith McCreary,4,svu
Arthur W. Forney,6,72,2002-11-01 00:00:00,E3106,Angels,15300000.0,Jonathan Greene & Robert F. Campbell,4,svu
Darnell Martin,7,73,2002-11-08 00:00:00,E3114,Dolls,16800000.0,Amanda Green,4,svu
Donna Deitch,8,74,2002-11-15 00:00:00,E3111,Waste,16100000.000000002,Lisa Marie Petersen & Dawn DeNoon,4,svu
Constantine Makris,9,75,2002-11-22 00:00:00,E3112,Juvenile,14500000.0,Michele Fazekas & Tara Butters,4,svu
Joyce Chopra,10,76,2002-12-06 00:00:00,E3113,Resilience,16200000.0,Patrick Harbinson,4,svu
Juan J. Campanella,11,77,2003-01-10 00:00:00,E3109,Damaged,16600000.000000002,Barbie Kligman,4,svu
Juan J. Campanella,12,78,2003-01-17 00:00:00,E3115,Risk,16300000.0,Jonathan Greene & Robert F. Campbell,4,svu
Constantine Makris,13,79,2003-01-24 00:00:00,E3119,Rotten,16100000.000000002,Judith McCreary,4,svu
David Platt,14,80,2003-01-31 00:00:00,E3118,Mercy,15500000.0,Christos N. Gage & Ruth Fletcher,4,svu
Alex Zakrzewski,15,81,2003-02-07 00:00:00,E3120,Pandora,15500000.0,Michele Fazekas & Tara Butters,4,svu
Steve Shill,16,82,2003-02-14 00:00:00,E3121,Tortured,14500000.0,Lisa Marie Petersen & Dawn DeNoon,4,svu
Jean de Segonzac,17,83,2003-02-21 00:00:00,E3122,Privilege,15000000.0,Patrick Harbinson,4,svu
David Platt,18,84,2003-03-14 00:00:00,E3124,Desperate,,Amanda Green,4,svu
Alex Zakrzewski,19,85,2003-03-28 00:00:00,E3110,Appearances,,"Teleplay: Stephen Belber Story: Liz Friedman, Vanessa Place, & Stephen Belber",4,svu
Steve Shill,20,86,2003-04-04 00:00:00,E3123,Dominance,15800000.0,Jonathan Greene & Robert F. Campbell,4,svu
Juan J. Campanella,21,87,2003-04-18 00:00:00,E3117,Fallacy,14800000.0,Teleplay: Barbie Kligman Story: Joshua Kotcheff & Barbie Kligman,4,svu
Alex Zakrzewski,22,88,2003-04-25 00:00:00,E3125,Futility,13500000.0,Michele Fazekas & Tara Butters,4,svu
Constantine Makris,23,89,2003-05-02 00:00:00,E3116,Grief,14000000.0,Adisa Iwa,4,svu
Rick Wallace,24,90,2003-05-09 00:00:00,E3126,Perfect,12900000.0,Jonathan Greene & Robert F. Campbell,4,svu
Chad Lowe,25,91,2003-05-16 00:00:00,E3127,Soulless,13700000.0,Lisa Marie Petersen & Dawn DeNoon,4,svu
David Platt,1,92,2003-09-23 00:00:00,E4403,Tragedy,13230000.0,Amanda Green,5,svu
Guy Norman Bee,2,93,2003-09-30 00:00:00,E4401,Manic,11500000.0,Patrick Harbinson,5,svu
Ted Kotcheff,3,94,2003-10-07 00:00:00,E4404,Mother,9900000.0,Lisa Marie Petersen & Dawn DeNoon,5,svu
Constantine Makris,4,95,2003-10-14 00:00:00,E4402,Loss,12650000.0,Michele Fazekas & Tara Butters,5,svu
Constantine Makris,5,96,2003-10-21 00:00:00,E4408,Serendipity,11800000.0,Lisa Marie Petersen & Dawn DeNoon,5,svu
Jean de Segonzac,6,97,2003-10-28 00:00:00,E4409,Coerced,12100000.0,Jonathan Greene,5,svu
David Platt,7,98,2003-11-04 00:00:00,E4411,Choice,13200000.0,Patrick Harbinson,5,svu
Alex Zakrzewski,8,99,2003-11-11 00:00:00,E4410,Abomination,12990000.0,Michele Fazekas & Tara Butters,5,svu
Ted Kotcheff,9,100,2003-11-18 00:00:00,E4413,Control,13940000.0,Teleplay: Neal Baer Story: Dick Wolf,5,svu
Constantine Makris,10,101,2003-11-25 00:00:00,E4414,Shaken,13140000.0,Amanda Green,5,svu
Jean de Segonzac,11,102,2003-12-02 00:00:00,E4415,Escape,13650000.0,Barbie Kligman,5,svu
Jean de Segonzac,12,103,2004-01-06 00:00:00,E4412,Brotherhood,15400000.0,José Molina,5,svu
David Platt,13,104,2004-01-13 00:00:00,E4416,Hate,14000000.0,Robert Nathan,5,svu
Ed Bianchi,14,105,2004-02-03 00:00:00,E4406,Ritual,13810000.0,Ruth Fletcher & Christos N. Gage,5,svu
Constantine Makris,15,106,2004-02-10 00:00:00,E4419,Families,12890000.0,Jonathan Greene,5,svu
Rick Wallace,16,107,2004-02-17 00:00:00,E4420,Home,14370000.0,Amanda Green,5,svu
Constantine Makris,17,108,2004-02-24 00:00:00,E4421,Mean,14420000.0,Michele Fazekas & Tara Butters,5,svu
Steve Shill,18,109,2004-03-02 00:00:00,E4422,Careless,12500000.0,Patrick Harbinson,5,svu
David Platt,19,110,2004-03-30 00:00:00,E4423,Sick,15550000.0,Dawn DeNoon,5,svu
Jud Taylor,20,111,2004-04-06 00:00:00,E4424,Lowdown,12600000.0,Robert Nathan,5,svu
Alex Zakrzewski,21,112,2004-04-20 00:00:00,E4425,Criminal,12820000.0,José Molina,5,svu
Juan J. Campanella,22,113,2004-04-27 00:00:00,E4426,Painless,12780000.0,Jonathan Greene,5,svu
Constantine Makris,23,114,2004-05-04 00:00:00,E4427,Bound,13040000.0,Barbie Kligman,5,svu
David Platt,24,115,2004-05-11 00:00:00,E4428,Poison,12280000.0,Michele Fazekas & Tara Butters,5,svu
Juan J. Campanella,25,116,2004-05-18 00:00:00,E4418,Head,18360000.0,Lisa Marie Petersen & Dawn DeNoon,5,svu
Arthur W. Forney,1,117,2004-09-21 00:00:00,E5201,Birthright,14200000.0,Jonathan Greene,6,svu
David Platt,2,118,2004-09-28 00:00:00,E5203,Debt,13000000.0,Amanda Green,6,svu
Constantine Makris,3,119,2004-10-12 00:00:00,E5205,Obscene,12350000.0,José Molina,6,svu
Daniel Sackheim,4,120,2004-10-19 00:00:00,E5207,Scavenger,12620000.0,Lisa Marie Petersen & Dawn DeNoon,6,svu
Constantine Makris,5,121,2004-10-26 00:00:00,E5202,Outcry,13010000.0,Patrick Harbinson,6,svu
David Platt,6,122,2004-11-09 00:00:00,E5208,Conscience,14300000.0,Roger Wolfson and Robert Nathan,6,svu
Arthur W. Forney,7,123,2004-11-16 00:00:00,E5206,Charisma,16379999.999999998,Michele Fazekas and Tara Butters,6,svu
Ted Kotcheff,8,124,2004-11-23 00:00:00,E5209,Doubt,15200000.0,Marjorie David,6,svu
David Platt,9,125,2004-11-30 00:00:00,E5213,Weak,15300000.0,Michele Fazekas & Tara Butters,6,svu
Juan J. Campanella,10,126,2004-12-07 00:00:00,E5212,Haunted,13500000.0,Amanda Green,6,svu
Aaron Lipstadt,11,127,2005-01-11 00:00:00,E5214,Contagious,15940000.0,Jonathan Greene,6,svu
Rick Wallace,12,128,2005-01-18 00:00:00,E5215,Identity,15340000.0,Lisa Marie Petersen and Dawn DeNoon,6,svu
Constantine Makris,13,129,2005-01-25 00:00:00,E5217,Quarry,14190000.0,José Molina,6,svu
David Platt,14,130,2005-02-08 00:00:00,E5216,Game,14180000.0,Patrick Harbinson,6,svu
Jean de Segonzac,15,131,2005-02-15 00:00:00,E5211,Hooked,13760000.0,Joshua Kotcheff,6,svu
David Platt,16,132,2005-02-22 00:00:00,E5218,Ghost,14030000.0,Amanda Green,6,svu
Juan J. Campanella,17,133,2005-03-01 00:00:00,E5219,Rage,12290000.0,Michele Fazekas & Tara Butters,6,svu
Aaron Lipstadt,18,134,2005-03-08 00:00:00,E5220,Pure,14730000.0,Dawn DeNoon,6,svu
Marita Grabiak,19,135,2005-03-15 00:00:00,E5221,Intoxicated,11050000.0,Jonathan Greene,6,svu
Juan J. Campanella & Arthur W. Forney,20,136,2005-05-03 00:00:00,E5224,Night,16540000.0,Teleplay: Amanda Green Story: Chris Levinson,6,svu
Félix Enríquez Alcalá,21,137,2005-05-10 00:00:00,E5223,Blood,14500000.0,Patrick Harbinson,6,svu
Matt Earl Beesley,22,138,2005-05-17 00:00:00,E5204,Parts,16210000.0,David Foster,6,svu
Peter Leto,23,139,2005-05-24 00:00:00,E5225,Goliath,16379999.999999998,Michele Fazekas and Tara Butters,6,svu
David Platt,1,140,2005-09-20 00:00:00,7004,Demons,16820000.0,Amanda Green,7,svu
David Platt,2,141,2005-09-27 00:00:00,7001,Design,15320000.0,Lisa Marie Petersen,7,svu
Ted Kotcheff,3,142,2005-10-04 00:00:00,7007,911,16239999.999999998,Patrick Harbinson,7,svu
Rick Wallace,4,143,2005-10-11 00:00:00,7003,Ripped,14880000.0,Jonathan Greene,7,svu
Constantine Makris,5,144,2005-10-18 00:00:00,7005,Strain,14360000.0,Robert Nathan,7,svu
Jonathan Robert Kaplan,6,145,2005-11-01 00:00:00,7008,Raw,15200000.0,Dawn DeNoon,7,svu
David Platt,7,146,2005-11-08 00:00:00,7006,Name,15760000.0,Michele Fazekas,7,svu
David Platt,8,147,2005-11-15 00:00:00,7009,Starved,15730000.0,Lisa Marie Petersen,7,svu
Peter Leto,9,148,2005-11-22 00:00:00,7010,Rockabye,17080000.0,Patrick Harbinson,7,svu
David Platt,10,149,2005-11-29 00:00:00,7011,Storm,17540000.0,Amanda Green & Neal Baer,7,svu
Constantine Makris,11,150,2005-12-06 00:00:00,7002,Alien,16290000.0,José Molina,7,svu
Michelle MacLaren,12,151,2006-01-03 00:00:00,7012,Infected,15200000.0,Michele Fazekas & Tara Butters,7,svu
Peter Leto,13,152,2006-01-10 00:00:00,7013,Blast,14720000.0,Amanda Green,7,svu
Arthur W. Forney,14,153,2006-01-17 00:00:00,7014,Taboo,16100000.000000002,Dawn DeNoon,7,svu
Matt Earl Beesley,15,154,2006-02-07 00:00:00,7015,Manipulated,15240000.0,José Molina,7,svu
George Pattison,16,155,2006-02-28 00:00:00,7016,Gone,13830000.0,Jonathan Greene,7,svu
Aaron Lipstadt,17,156,2006-03-21 00:00:00,7017,Class,13480000.0,Paul Grellong,7,svu
Peter Leto,18,157,2006-03-28 00:00:00,7019,Venom,14240000.0,Judith McCreary,7,svu
Paul McCrane,19,158,2006-04-04 00:00:00,7018,Fault,15360000.0,Michele Fazekas & Tara Butters,7,svu
Juan J. Campanella,20,159,2006-05-02 00:00:00,7021,Fat,15270000.0,Patrick Harbinson,7,svu
Peter Leto,21,160,2006-05-09 00:00:00,7022,Web,12880000.0,Paul Grellong,7,svu
Norberto Barba,22,161,2006-05-16 00:00:00,7020,Influence,12970000.0,Ian Biederman,7,svu
Peter Leto,1,162,2006-09-19 00:00:00,8001,Informed,14550000.0,Dawn DeNoon,8,svu
James Hayman,2,163,2006-09-26 00:00:00,8003,Clock,14410000.0,Allison Intrieri,8,svu
Juan J. Campanella,3,164,2006-10-03 00:00:00,8005,Recall,14300000.0,Jonathan Greene,8,svu
David Platt,4,165,2006-10-10 00:00:00,8004,Uncle,13890000.0,Dawn DeNoon,8,svu
David Platt,5,166,2006-10-17 00:00:00,8006,Confrontation,12980000.0,Judith McCreary,8,svu
David Platt,6,167,2006-10-31 00:00:00,8009,Infiltrated,13360000.0,Dawn DeNoon,8,svu
Jonathan Kaplan,7,168,2006-11-14 00:00:00,8007,Underbelly,14760000.0,Amanda Green,8,svu
David Platt,8,169,2006-11-21 00:00:00,8008,Cage,14200000.0,Patrick Harbinson,8,svu
Peter Leto,9,170,2006-11-28 00:00:00,8010,Choreographed,14640000.0,Paul Grellong,8,svu
David Platt,10,171,2007-01-02 00:00:00,8002,Scheherazade,15170000.0,Amanda Green,8,svu
Eriq La Salle,11,172,2007-01-09 00:00:00,8011,Burned,14410000.0,Judith McCreary,8,svu
Arthur W. Forney,12,173,2007-01-16 00:00:00,8016,Outsider,14170000.0,Paul Grellong,8,svu
David Platt,13,174,2007-02-06 00:00:00,8012,Loophole,13450000.0,Jonathan Greene,8,svu
Peter Leto,14,175,2007-02-13 00:00:00,8015,Dependent,12940000.0,Ken Storer,8,svu
Peter Leto,15,176,2007-02-20 00:00:00,8013,Haystack,11940000.0,Amanda Green,8,svu
Peter Leto,16,177,2007-02-27 00:00:00,8017,Philadelphia,11730000.0,Patrick Harbinson,8,svu
George Pattison,17,178,2007-03-27 00:00:00,8021,Sin,12860000.0,Patrick Harbinson,8,svu
David Platt & Yelena Lanskaya,18,179,2007-04-03 00:00:00,8014,Responsible,11160000.0,Allison Intrieri,8,svu
David Platt,19,180,2007-05-01 00:00:00,8018,Florida,11410000.0,Jonathan Greene,8,svu
Peter Leto,20,181,2007-05-08 00:00:00,8019,Annihilated,10940000.0,Amanda Green,8,svu
David Platt,21,182,2007-05-15 00:00:00,8020,Pretend,12750000.0,Dawn DeNoon,8,svu
Arthur W. Forney,22,183,2007-05-22 00:00:00,8022,Screwed,10280000.0,Judith McCreary,8,svu
David Platt,1,184,2007-09-25 00:00:00,9003,Alternate,12100000.0,Neal Baer & Dawn DeNoon,9,svu
Peter Leto,2,185,2007-10-02 00:00:00,9004,Avatar,11660000.0,Paul Grellong & Chris Emposimato,9,svu
David Platt,3,186,2007-10-09 00:00:00,9001,Impulsive,12190000.0,Jonathan Greene,9,svu
Kate Woods,4,187,2007-10-16 00:00:00,9005,Savant,12540000.0,Judith McCreary,9,svu
Peter Leto,5,188,2007-10-23 00:00:00,9002,Harm,12170000.0,Josh Singer,9,svu
David Platt,6,189,2007-11-06 00:00:00,9006,Svengali,11750000.0,Kam Miller,9,svu
David Platt,7,190,2007-11-13 00:00:00,9009,Blinded,12490000.0,Jonathan Greene,9,svu
Juan J. Campanella,8,191,2007-11-20 00:00:00,9007,Fight,11660000.0,Mick Betancourt,9,svu
Kate Woods,9,192,2007-11-27 00:00:00,9010,Paternity,12290000.0,Amanda Green,9,svu
Jonathan Kaplan,10,193,2007-12-04 00:00:00,9008,Snitch,11720000.0,Mark Goffman,9,svu
Helen Shaver,11,194,2008-01-01 00:00:00,9011,Streetwise,12350000.0,Paul Grellong,9,svu
Arthur W. Forney,12,195,2008-01-08 00:00:00,9012,Signature,15170000.0,Judith McCreary,9,svu
David Platt,13,196,2008-01-15 00:00:00,9013,Unorthodox,12140000.0,Josh Singer,9,svu
Chris Zalla,14,197,2008-01-22 00:00:00,9014,Inconceivable,12970000.0,Dawn DeNoon,9,svu
David Platt,15,198,2008-04-15 00:00:00,9015,Undercover,13270000.0,Mark Goffman,9,svu
Peter Leto,16,199,2008-04-22 00:00:00,9016,Closet,11500000.0,Ken Storer,9,svu
David Platt,17,200,2008-04-29 00:00:00,9017,Authority,12060000.0,Neal Baer & Amanda Green,9,svu
Peter Leto,18,201,2008-05-06 00:00:00,9018,Trade,10440000.0,Jonathan Greene,9,svu
David Platt,19,202,2008-05-13 00:00:00,9019,Cold,10830000.0,Judith McCreary,9,svu
John P. Whitesell II,1,1,1990-09-13 00:00:00,66209,Prescription for Death,,Teleplay: Ed Zuckerman Story: David Black & Ed Zuckerman,1,original
E.W. Swackhamer,2,2,1990-09-20 00:00:00,66205,Subterranean Homeboy Blues,,Robert Palm,1,original
Vern Gillum,3,3,1990-10-04 00:00:00,66215,The Reaper's Helper,,Teleplay: Thomas Francis McElroy and David Black & Robert Stuart Nathan Story: Thomas Francis McElroy,1,original
Charles Correll,4,4,1990-10-11 00:00:00,66210,Kiss the Girls and Make Them Die,,Teleplay: Robert Stuart Nathan Story: Dick Wolf,1,original
Vern Gillum,5,5,1990-10-23 00:00:00,66212,Happily Ever After,,Teleplay: David Black & Robert Stuart Nathan Story: Dick Wolf & David Black,1,original
John Patterson,6,6,1990-10-30 00:00:00,83543,Everybody's Favorite Bagman,,Dick Wolf,1,original
Martin Davidson,7,7,1990-11-13 00:00:00,66203,"By Hooker, By Crook",,David Black,1,original
E.W. Swackhamer,8,8,1990-11-20 00:00:00,66211,Poison Ivy,,Teleplay: Jacob Brackman Story: Jack Richardson & Jacob Brackman,1,original
James Quinn,9,9,1990-11-27 00:00:00,66207,Indifference,,Robert Palm,1,original
Michael Fresco,10,10,1990-12-04 00:00:00,66208,Prisoner of Love,,Teleplay: Robert Stuart Nathan Story: David Black & Robert Stuart Nathan,1,original
E. W. Swackhamer,11,11,1990-12-11 00:00:00,66202,Out of the Half-Light,,Michael Duggan,1,original
Aaron Lipstadt,12,12,1991-01-08 00:00:00,66213,Life Choice,,Teleplay: David Black & Robert Stuart Nathan Story: Dick Wolf,1,original
Gwen Arner,13,13,1991-01-15 00:00:00,66204,A Death in the Family,,Teleplay: Joe Viola and David Black Story: Joe Viola,1,original
Don Scardino,14,14,1991-02-05 00:00:00,66219,The Violence of Summer,,Michael Duggan,1,original
E.W. Swackhamer,15,15,1991-02-12 00:00:00,66222,The Torrents of Greed: Part 1,,Teleplay: Michael S. Chernuchin Story: Michael Duggan & Michael S. Chernuchin,1,original
E.W. Swackhamer,16,16,1991-02-19 00:00:00,66225,The Torrents of Greed: Part 2,,Teleplay: Michael S. Chernuchin Story: Michael Duggan & Michael S. Chernuchin,1,original
Daniel Sackheim,17,17,1991-02-26 00:00:00,66218,Mushrooms,,Robert Palm,1,original
E.W. Swackhamer,18,18,1991-03-12 00:00:00,66221,The Secret Sharers,,Robert Stuart Nathan,1,original
Don Scardino,19,19,1991-03-19 00:00:00,66224,The Serpent's Tooth,,Teleplay: René Balcer & Robert Stuart Nathan Story: I.C. Rapoport & Joshua Stern,1,original
John Whitesell,20,20,1991-03-26 00:00:00,66214,The Troubles,,Teleplay: Robert Palm Story: Dick Wolf & Robert Palm,1,original
Fred Gerber,21,21,1991-04-02 00:00:00,66226,Sonata for a Solo Organ,,Teleplay: Joe Morgenstern & Michael S. Chernuchin Story: Joe Morgenstern & Michael Duggan,1,original
Vern Gillum,22,22,1991-06-09 00:00:00,66220,The Blue Wall,,Teleplay: Robert Stuart Nathan Story: Dick Wolf & Robert Stuart Nathan,1,original
Ed Sherin,1,206,1999-09-22 00:00:00,E1106,Gunshow,,René Balcer,10,original
Constantine Makris,2,207,1999-09-29 00:00:00,E1103,Killerz,,Richard Sweren,10,original
David Platt,3,208,1999-10-06 00:00:00,E1109,DNR,,Kathy McCormick & William N. Fordes,10,original
Stephen Wertimer,4,209,1999-10-13 00:00:00,E1101,Merger,,Lynn Mamet,10,original
Matthew Penn,5,210,1999-11-10 00:00:00,E1104,Justice,,Gerry Conway & William N. Fordes,10,original
Jace Alexander,6,211,1999-11-17 00:00:00,E1105,Marathon,,Richard Sweren & Matt Witten,10,original
David Platt,7,212,1999-11-24 00:00:00,E1102,Patsy,,Lynne E. Litt & René Balcer,10,original
Matthew Penn,8,213,1999-12-01 00:00:00,E1111,Blood Money,,Barry Schindel,10,original
Jace Alexander,9,214,1999-12-15 00:00:00,E1107,Sundown,,Krista Vernoff & William N. Fordes,10,original
Constantine Makris,10,215,2000-01-05 00:00:00,E1115,Loco Parentis,,Richard Sweren & Matt Witten,10,original
David Platt,11,216,2000-01-26 00:00:00,E1116,Collision,,William N. Fordes & Gerry Conway,10,original
Richard Dobbs,12,217,2000-02-09 00:00:00,E1110,Mother's Milk,,Lynn Mamet & Barry Schindel,10,original
Constantine Makris,13,218,2000-02-16 00:00:00,E1117,Panic,,"William N. Fordes, Lynn Mamet, Kathy McCormick, & Matt Witten",10,original
Ed Sherin,14,219,2000-02-18 00:00:00,E1112,Entitled,,"René Balcer, Richard Sweren, & Dick Wolf",10,original
Christopher Misiano,15,220,2000-02-23 00:00:00,E1113,Fools for Love,,Kathy McCormick & Lynne E. Litt,10,original
Jace Alexander,16,221,2000-03-01 00:00:00,E1118,Trade This,,Barry Schindel & René Balcer,10,original
Constantine Makris,17,222,2000-03-22 00:00:00,E1120,"Black, White and Blue",,"Lynne E. Litt, Richard Sweren, & Matt Witten",10,original
David Platt,18,223,2000-04-05 00:00:00,E1121,Mega,,William N. Fordes & Lynn Mamet,10,original
Martha Mitchell,19,224,2000-04-26 00:00:00,E1125,Surrender Dorothy,,Barry Schindel & Matt Witten,10,original
Jace Alexander,20,225,2000-05-03 00:00:00,E1124,Untitled,,Richard Sweren & Barry M. Schkolnick,10,original
Constantine Makris,21,226,2000-05-10 00:00:00,E1123,Narcosis,,Lynne E. Litt & Kathy McCormick,10,original
Richard Dobbs,22,227,2000-05-17 00:00:00,E1122,High & Low,,Gerry Conway & William N. Fordes,10,original
Jace Alexander,23,228,2000-05-24 00:00:00,E1119,Stiff,,Hall Powell & René Balcer,10,original
Christopher Misiano,24,229,2000-05-24 00:00:00,E1108,Vaya Con Dios,,René Balcer & Richard Sweren,10,original
Constantine Makris,1,230,2000-10-18 00:00:00,E1304,Endurance,,Matt Witten,11,original
Richard Dobbs,2,231,2000-10-25 00:00:00,E1303,Turnstile Justice,,Barry Schindel,11,original
Lewis H. Gould,3,232,2000-11-01 00:00:00,E1307,Dissonance,,Wendy Battles,11,original
Jace Alexander,4,233,2000-11-08 00:00:00,E1308,Standoff,,P.K. Todd,11,original
Stephen Wertimer,5,234,2000-11-15 00:00:00,E1309,Return,,Aaron Zelman,11,original
David Platt,6,235,2000-11-22 00:00:00,E1306,Burn Baby Burn,,Richard Sweren,11,original
Matthew Penn,7,236,2000-11-29 00:00:00,E1302,Amends,,William N. Fordes,11,original
Jace Alexander,8,237,2000-12-20 00:00:00,E1310,Thin Ice,,"Barry Schindel, Matt Witten, & Bernard Goldberg",11,original
Constantine Makris,9,238,2001-01-10 00:00:00,E1311,Hubris,,Kathy McCormick & Wendy Battles,11,original
Vincent Misiano,10,239,2001-01-17 00:00:00,E1318,Whose Monkey Is It Anyway?,,William M. Finkelstein,11,original
James Quinn,11,240,2001-01-24 00:00:00,E1301,Sunday in the Park with Jorge,,William M. Finkelstein,11,original
Constantine Makris,12,241,2001-02-07 00:00:00,E1315,Teenage Wasteland,,Aaron Zelman & Barry Schindel,11,original
David Platt,13,242,2001-02-14 00:00:00,E1313,Phobia,,"Wendy Battles, Lynn Mamet, & Kathy McCormick",11,original
Jace Alexander,14,243,2001-02-21 00:00:00,E1322,A Losing Season,,Wendy Battles & Barry Schindel,11,original
James Quinn,15,244,2001-02-28 00:00:00,E1319,Swept Away – A Very Special Episode,,William M. Finkelstein,11,original
Richard Dobbs,16,245,2001-03-14 00:00:00,E1316,Bronx Cheer,,Wendy Battles & Richard Sweren,11,original
James Quinn,17,246,2001-03-21 00:00:00,E1324,Ego,,William N. Fordes & Wendy Battles,11,original
Don Scardino,18,247,2001-04-04 00:00:00,E1312,White Lie,,Richard Sweren & Aaron Zelman,11,original
Richard Dobbs,19,248,2001-04-18 00:00:00,E1323,Whiplash,,Richard Zelman & Matt Witten,11,original
David Platt,20,249,2001-05-02 00:00:00,E1326,All My Children,,Barry Schindel & Noah Baylin,11,original
Constantine Makris,21,250,2001-05-09 00:00:00,E1325,Brother's Keeper,,René Balcer & Joe Gannon,11,original
Eric Overmyer,22,251,2001-05-16 00:00:00,E1329,School Daze,,Barry Schindel,11,original
David Platt,23,252,2001-05-23 00:00:00,E1327,Judge Dread,,Richard Sweren & Aaron Zelman,11,original
Jace Alexander,24,253,2001-05-23 00:00:00,E1331,Deep Vote,,Matt Witten & William N. Fordes,11,original
Don Scardino,1,254,2001-09-26 00:00:00,,Who Let the Dogs Out?,,"Douglas Stark, Kathy McCormick",12,original
Martha Mitchell,2,255,2001-10-03 00:00:00,,Armed Forces,,"Sean Jablonski, Richard Sweren",12,original
Constantine Makris,3,256,2001-10-10 00:00:00,,For Love or Money,,"Sean Jablonski, Wendy Battles",12,original
Richard Dobbs,4,257,2001-10-24 00:00:00,,Soldier of Fortune,,Barry Schindel,12,original
James Quinn,5,258,2001-10-31 00:00:00,,Possession,,Robert Palm,12,original
Richard Dobbs,6,259,2001-11-07 00:00:00,,Formerly Famous,,"Wendy Battles, Marc Guggenheim",12,original
David Platt,7,260,2001-11-14 00:00:00,,Myth of Fingerprints,,"Eric Overmyer, Aaron Zelman, Terri Kopp",12,original
David Platt,8,261,2001-11-21 00:00:00,,The Fire This Time,,David Black,12,original
Stephen Wertimer,9,262,2001-11-28 00:00:00,,3 Dawg Night,,"Richard Sweren, Aaron Zelman",12,original
Ed Sherin,10,263,2001-12-12 00:00:00,,Prejudice,,Jill Goldsmith,12,original
Matthew Penn,11,264,2002-01-09 00:00:00,,The Collar,,Richard Sweren,12,original
Jace Alexander,12,265,2002-01-16 00:00:00,,Undercovered,,"Noah Baylin, Wendy Battles",12,original
Richard Dobbs,13,266,2002-01-30 00:00:00,,DR 1-102,,"Aaron Zelman, Marc Guggenheim",12,original
David Platt,14,267,2002-02-06 00:00:00,,Missing,,"Eric Overmyer, Matt Witten, Barry Schindel",12,original
Constantine Makris,15,268,2002-02-27 00:00:00,,Access Nation,,"Sean Jablonski, Teri Kopp",12,original
Jace Alexander,16,269,2002-03-06 00:00:00,,Born Again,,"Jill Goldsmith, Matt Witten, William N. Fordes",12,original
Steve Shill,17,270,2002-03-27 00:00:00,,Girl Most Likely,,Lynn Mamet,12,original
James Quinn,18,271,2002-04-03 00:00:00,,Equal Rights,,Terri Kopp,12,original
Constantine Makris,19,272,2002-04-10 00:00:00,,Slaughter,,Rob Wright,12,original
Lewis H. Gould,20,273,2002-04-24 00:00:00,,Dazzled,,"Eric Overmyer, Matt Witten",12,original
Richard Dobbs,21,274,2002-05-01 00:00:00,,Foul Play,,"Richard Sweren, Stuart Feldman",12,original
Matthew Penn,22,275,2002-05-08 00:00:00,,Attorney Client,,Jill Goldsmith,12,original
Constantine Makris,23,276,2002-05-15 00:00:00,,Oxymoron,,Michael Harbert,12,original
David Platt,24,277,2002-05-22 00:00:00,,Patriot,,"William N. Fordes, Sean Jablonski",12,original
Constantine Makris,1,278,2002-10-02 00:00:00,,American Jihad,,"Aaron Zelman, Marc Guggenheim",13,original
Constantine Makris,2,279,2002-10-09 00:00:00,,Shangri-La,,Michael S. Chernuchin,13,original
Martha Mitchell,3,280,2002-10-16 00:00:00,,True Crime,,"Wendy Battles, Noah Baylin",13,original
David Platt,4,281,2002-10-30 00:00:00,,Tragedy on Rye,,William N. Fordes,13,original
Richard Dobbs,5,282,2002-11-06 00:00:00,,The Ring,,Michael S. Chernuchin,13,original
Richard Dobbs,6,283,2002-11-13 00:00:00,,Hitman,,Eric Overmyer,13,original
Matthew Penn,7,284,2002-11-20 00:00:00,,Open Season,,Richard Sweren,13,original
Steve Shill,8,285,2002-11-27 00:00:00,,Asterisk,,Terri Kopp,13,original
Richard Dobbs,9,286,2002-12-11 00:00:00,,The Wheel,,Jill Goldsmith,13,original
Jace Alexander,10,287,2003-01-08 00:00:00,,Mother's Day,,Janis Diamond,13,original
Ed Sherin,11,288,2003-01-15 00:00:00,,Chosen,,Michael S. Chernuchin,13,original
Gloria Muzio,12,289,2003-02-05 00:00:00,,Under God,,"Marc Guggenheim, Noah Baylin",13,original
"Martha Mitchell, Darnell Martin",13,290,2003-02-12 00:00:00,,Absentia,,Eric Overmyer,13,original
David Platt,14,291,2003-02-19 00:00:00,,Star Crossed,,Richard Sweren,13,original
Constantine Makris,15,292,2003-02-26 00:00:00,,Bitch,,"Michael S. Chernuchin, Roz Weinman",13,original
Matthew Penn,16,293,2003-03-26 00:00:00,,Suicide Box,,Aaron Zelman,13,original
Jace Alexander,17,294,2003-04-02 00:00:00,,Genius,,William N. Fordes,13,original
Gloria Muzio,18,295,2003-04-17 00:00:00,,Maritime,,Wendy Battles,13,original
James Quinn,19,296,2003-04-23 00:00:00,,Seer,,Jill Goldsmith,13,original
David Platt,20,297,2003-04-30 00:00:00,,Kid Pro Quo,,"Eric Overmyer, Roz Weinman",13,original
Jace Alexander,21,298,2003-05-07 00:00:00,,House Calls,,Janis Diamond,13,original
Richard Dobbs,22,299,2003-05-14 00:00:00,,Sheltered,,Terri Kopp,13,original
David Platt,23,300,2003-05-21 00:00:00,,Couples,,Lorenzo Carcaterra,13,original
Constantine Makris,24,301,2003-05-21 00:00:00,,Smoke,,"Michael S. Chernuchin, Dick Wolf",13,original
Constantine Makris,1,302,2003-09-24 00:00:00,E4302,Bodies,,William N. Fordes & Michael S. Chernuchin,14,original
Matthew Penn,2,303,2003-10-01 00:00:00,E4304,Bounty,,Michael S. Chernuchin,14,original
David Platt,3,304,2003-10-08 00:00:00,E4301,Patient Zero,,Wendy Battles,14,original
Jace Alexander,4,305,2003-10-22 00:00:00,E4305,Shrunk,,Richard Sweren,14,original
Gloria Muzio,5,306,2003-10-29 00:00:00,E4309,Blaze,,"Marc Guggenheim, Michael S. Chernuchin, & Aaron Zelman",14,original
Jace Alexander,6,307,2003-11-05 00:00:00,E4311,Identity,,Janis Diamond,14,original
Richard Dobbs,7,308,2003-11-12 00:00:00,E4307,Floater,,Eric Overmyer,14,original
Ed Sherin,8,309,2003-11-19 00:00:00,E4303,Embedded,,Craig Turk,14,original
Constantine Makris,9,310,2003-11-26 00:00:00,E4308,Compassion,,Roz Weinman,14,original
David Platt,10,311,2003-12-03 00:00:00,E4306,Ill-Conceived,,"Aaron Zelman, Noah Baylin, & Michael S. Chernuchin",14,original
Jace Alexander,11,312,2004-01-07 00:00:00,E4313,Darwinian,,Marc Guggenheim,14,original
Constantine Makris,12,313,2004-01-14 00:00:00,E4310,Payback,,Lorenzo Carcaterra,14,original
Richard Dobbs,13,314,2004-02-04 00:00:00,E4315,Married with Children,,Wendy Battles & William N. Fordes,14,original
Gloria Muzio,14,315,2004-02-11 00:00:00,E4318,City Hall,,Marc Guggenheim & Richard Sweren,14,original
David Platt,15,316,2004-02-18 00:00:00,E4314,Veteran's Day,,Noah Baylin,14,original
Don Scardino,16,317,2004-02-25 00:00:00,E4320,Can I Get a Witness?,,Aaron Zelman,14,original
Gloria Muzio,17,318,2004-03-03 00:00:00,E4316,Hands Free,,Janis Diamond,14,original
Constantine Makris,18,319,2004-03-24 00:00:00,E4326,Evil Breeds,,Noah Baylin & Barry Schindel,14,original
Martha Mitchell,19,320,2004-03-31 00:00:00,E4324,Nowhere Man,,William N. Fordes,14,original
Richard Dobbs,20,321,2004-04-14 00:00:00,E4327,Everybody Loves Raimondo's,,Lorenzo Carcaterra & Richard Sweren,14,original
David Platt,21,322,2004-04-21 00:00:00,E4317,Vendetta,,David Nahmod & Michael S. Chernuchin,14,original
Jace Alexander,22,323,2004-04-28 00:00:00,E4325,Gaijin,,Wendy Battles,14,original
Richard Dobbs,23,324,2004-05-12 00:00:00,E4321,Caviar Emptor,,Roz Weinman,14,original
Matthew Penn,24,325,2004-05-19 00:00:00,E4319,C.O.D.,,Richard Sweren & Marc Guggenheim,14,original
Matthew Penn,1,326,2004-09-22 00:00:00,15001,Paradigm,18860000.0,Richard Sweren & Dick Wolf,15,original
David Platt,2,327,2004-09-22 00:00:00,15007,The Dead Wives Club,15390000.0,Nick Santora,15,original
Jean de Segonzac,3,328,2004-09-29 00:00:00,15004,The Brotherhood,12940000.0,Alfredo Barrios Jr. & Wendy Battles,15,original
Richard Dobbs,4,329,2004-10-06 00:00:00,15008,Coming Down Hard,12510000.0,Davey Holmes,15,original
Constantine Makris,5,330,2004-10-20 00:00:00,15006,Gunplay,13070000.0,William N. Fordes & Lois Johnson,15,original
Richard Dobbs,6,331,2004-10-27 00:00:00,15002,Cut,13230000.0,Wendy Battles,15,original
Michael Pressman,7,332,2004-11-10 00:00:00,15013,Gov Love,15150000.0,Ross Berger & Richard Sweren,15,original
Don Scardino,8,333,2004-11-17 00:00:00,15012,Cry Wolf,13800000.0,Lorenzo Carcaterra & Nick Santora,15,original
Jace Alexander,9,334,2004-11-24 00:00:00,15003,All in the Family,12620000.0,William N. Fordes,15,original
Richard Dobbs,10,335,2004-12-01 00:00:00,15014,Enemy,14710000.0,Alfredo Barrios Jr.,15,original
Ed Sherin,11,336,2004-12-08 00:00:00,15011,Fixed,15690000.0,Roz Weinman & Eric Overmyer,15,original
Jace Alexander,12,337,2005-01-05 00:00:00,15016,Mammon,14280000.0,William N. Fordes & Douglas Stark,15,original
Paris Barclay,13,338,2005-01-12 00:00:00,15015,Ain't No Love,14690000.0,Richard Sweren & Lois Johnson,15,original
Matthew Penn,14,339,2005-01-19 00:00:00,15018,Fluency,15120000.0,Nick Santora,15,original
Constantine Makris,15,340,2005-02-09 00:00:00,15019,Obsession,13160000.0,Alfredo Barrios Jr. & Wendy Battles,15,original
David Platt,16,341,2005-02-16 00:00:00,15021,The Sixth Man,13730000.0,Lois Johnson & Richard Sweren,15,original
Constantine Makris,17,342,2005-02-23 00:00:00,15022,License to Kill,14540000.0,Richard Sweren & Stuart Feldman,15,original
Jean de Segonzac,18,343,2005-03-02 00:00:00,15017,Dining Out,14660000.0,Davey Holmes,15,original
Richard Dobbs,19,344,2005-03-30 00:00:00,15024,Sects,13490000.0,Frank Pugliese,15,original
Eric Stoltz,20,345,2005-04-13 00:00:00,15025,Tombstone,16850000.0,Rick Eid,15,original
Constantine Makris,21,346,2005-04-20 00:00:00,15028,Publish and Perish,14330000.0,Tom Szentgyorgi,15,original
Michael Pressman,22,347,2005-05-04 00:00:00,15023,Sport of Kings,11700000.0,"Richard Sweren, Wendy Battles, & Nick Santora",15,original
David Platt,23,348,2005-05-11 00:00:00,15026,In God We Trust,12220000.0,Richard Sweren,15,original
Matthew Penn,24,349,2005-05-18 00:00:00,15029,Locomotion,12410000.0,Eric Overmyer & Roz Weinman,15,original
Matthew Penn,1,350,2005-09-21 00:00:00,16001,Red Ball,13030000.0,David Wilcox,16,original
Jean de Segonzac,2,351,2005-09-28 00:00:00,16002,Flaw,15060000.0,Chris Levinson,16,original
Constantine Makris,3,352,2005-10-05 00:00:00,16003,Ghosts,12590000.0,Rick Eid,16,original
David Platt,4,353,2005-10-12 00:00:00,16005,Age of Innocence,10920000.0,Davey Holmes,16,original
Rosemary Rodriguez,5,354,2005-10-19 00:00:00,16006,Life Line,12330000.0,Greg Plageman,16,original
Constantine Makris,6,355,2005-11-02 00:00:00,16007,Birthright,12570000.0,David Slack,16,original
Michael Pressman,7,356,2005-11-09 00:00:00,16008,House of Cards,10860000.0,Wendy Battles,16,original
Don Scardino,8,357,2005-11-16 00:00:00,16009,New York Minute,11440000.0,Nicholas Wootton,16,original
Ed Sherin,9,358,2005-11-23 00:00:00,16010,Criminal Law,11930000.0,David Wilcox,16,original
Michael Pressman,10,359,2005-11-30 00:00:00,16011,Acid,12870000.0,Richard Sweren,16,original
Rick Wallace,11,360,2005-12-07 00:00:00,16004,Bible Story,12130000.0,Richard Sweren,16,original
Jean de Segonzac,12,361,2006-01-11 00:00:00,16012,Family Friend,12830000.0,Philippe Browning,16,original
Richard Dobbs,13,362,2006-01-18 00:00:00,16013,Heart of Darkness,12380000.0,Carter Harris,16,original
Adam Bernstein,14,363,2006-02-08 00:00:00,16014,Magnet,14530000.0,David Black,16,original
Michael Pressman,15,364,2006-03-01 00:00:00,16016,Choice of Evils,12390000.0,David Wilcox,16,original
Michael W. Watkins,16,365,2006-03-08 00:00:00,16010,Cost of Capital,11790000.0,Tom Smuts & Rick Eid,16,original
Jean de Segonzac,17,366,2006-03-22 00:00:00,16017,"America, Inc.",9000000.0,Richard Sweren,16,original
Tony Goldwyn,18,367,2006-03-29 00:00:00,16019,Thinking Makes It So,9350000.0,Michael S. Chernuchin,16,original
Richard Dobbs,19,368,2006-04-05 00:00:00,16020,Positive,10840000.0,Sonny Postiglione,16,original
Don Scardino,20,369,2006-05-03 00:00:00,16018,Kingmaker,10660000.0,David Slack,16,original
Jean de Segonzac,21,370,2006-05-10 00:00:00,16021,Hindsight,12680000.0,Chris Levinson,16,original
Matthew Penn,22,371,2006-05-17 00:00:00,16022,Invaders,13590000.0,David Wilcox & Richard Sweren,16,original
Jean de Segonzac,1,372,2006-09-22 00:00:00,17001,Fame,11070000.0,Nicholas Wootton,17,original
Vincent Misiano,2,373,2006-09-29 00:00:00,17002,Avatar,10030000.0,David Slack,17,original
Richard Dobbs,3,374,2006-10-06 00:00:00,17003,Home Sweet,9640000.0,Michael S. Chernuchin,17,original
Constantine Makris,4,375,2006-10-13 00:00:00,17004,Fear America,9430000.0,Sonny Postiglione & Robert Nathan,17,original
Constantine Makris,5,376,2006-10-20 00:00:00,17005,Public Service Homicide,10200000.0,Chris Levinson,17,original
Arthur W. Forney,6,377,2006-10-27 00:00:00,17007,Profiteer,9020000.0,David Wilcox,17,original
Tim Hunter,7,378,2006-11-03 00:00:00,17006,In Vino Veritas,10870000.0,David Wilcox,17,original
Michael Pressman,8,379,2006-11-10 00:00:00,17008,Release,9570000.0,Rick Eid & Nicholas Wootton,17,original
Alex Chapple,9,380,2006-11-17 00:00:00,17009,Deadlock,9940000.0,David Slack,17,original
Joan Stein Schimke,10,381,2006-12-08 00:00:00,17010,Corner Office,10230000.0,Rick Eid & Richard Sweren,17,original
Constantine Makris,11,382,2007-01-05 00:00:00,17011,Remains of the Day,9770000.0,Shiya Ribowsky & David Wilcox,17,original
Michael Pressman,12,383,2007-01-12 00:00:00,17012,Charity Case,9020000.0,Nicholas Wootton,17,original
Matthew Penn,13,384,2007-02-02 00:00:00,17013,Talking Points,9530000.0,Michael S. Chernuchin,17,original
Constantine Makris,14,385,2007-02-09 00:00:00,17014,Church,9630000.0,Rick Eid,17,original
Jean de Segonzac,15,386,2007-02-16 00:00:00,17015,Melting Pot,9010000.0,Richard Sweren,17,original
Constantine Makris,16,387,2007-02-23 00:00:00,17016,Murder Book,8670000.0,David Wilcox,17,original
Sam Weisman,17,388,2007-03-30 00:00:00,17017,Good Faith,7470000.0,David Slack,17,original
Karen Gaviola,18,389,2007-04-06 00:00:00,17018,Bling,8220000.000000001,Matthew McGough,17,original
Constantine Makris,19,390,2007-04-27 00:00:00,17019,Fallout,7520000.0,Sonny Postiglione,17,original
Michael W. Watkins,20,391,2007-05-04 00:00:00,17020,Captive,8880000.0,Richard Sweren,17,original
Constantine Makris,21,392,2007-05-11 00:00:00,17021,Over Here,8300000.000000001,William N. Fordes,17,original
Matthew Penn,22,393,2007-05-18 00:00:00,17022,The Family Hour,9230000.0,David Slack & Richard Sweren,17,original
Allen Coulter,1,394,2008-01-02 00:00:00,18001,Called Home,13450000.0,René Balcer,18,original
Michael Dinner,2,395,2008-01-02 00:00:00,18006,Darkness,13450000.0,David Slack & William N. Fordes,18,original
Michael W. Watkins,3,396,2008-01-09 00:00:00,18002,Misbegotten,11050000.0,Stephanie Sengupta & David Wilcox,18,original
Alex Chapple,4,397,2008-01-16 00:00:00,18004,Bottomless,11550000.0,Ed Zuckerman,18,original
Alan Taylor,5,398,2008-01-23 00:00:00,18009,Driven,10330000.0,Gina Gionfriddo & Richard Sweren,18,original
Jean de Segonzac,6,399,2008-01-30 00:00:00,18011,Political Animal,11140000.0,David Slack & Ed Zuckerman,18,original
Jim McKay,7,400,2008-02-06 00:00:00,18010,Quit Claim,10070000.0,David Wilcox & William N. Fordes,18,original
Constantine Makris,8,401,2008-02-13 00:00:00,18003,Illegal,10240000.0,William N. Fordes & David Slack,18,original
Constantine Makris,9,402,2008-02-20 00:00:00,18012,Executioner,10850000.0,Gina Gionfriddo & Richard Sweren,18,original
Dean White,10,403,2008-02-27 00:00:00,18013,Tango,11450000.0,Stephanie Sengupta,18,original
Marc Levin,11,404,2008-03-05 00:00:00,18005,Betrayal,9680000.0,Richard Sweren & Gina Gionfriddo,18,original
Constantine Makris,12,405,2008-03-12 00:00:00,18007,Submission,11680000.0,Ed Zuckerman,18,original
Darnell Martin,13,406,2008-03-19 00:00:00,18008,Angelgrove,10450000.0,David Wilcox & Stephanie Sengupta,18,original
Mario Van Peebles,14,407,2008-04-23 00:00:00,18014,Burn Card,12630000.0,David Wilcox & Ed Zuckerman,18,original
Tim Hunter,15,408,2008-04-30 00:00:00,18015,Bogeyman,9620000.0,Gina Gionfriddo & Richard Sweren,18,original
Marisol Torres,16,409,2008-05-07 00:00:00,18016,Strike,8760000.0,David Slack & William N. Fordes,18,original
John David Coles,17,410,2008-05-14 00:00:00,18017,Personae Non Grata,8350000.0,Matt McGough & Stephanie Sengupta,18,original
Jim McKay,18,411,2008-05-21 00:00:00,18018,Excalibur,8450000.0,Ed Zuckerman & René Balcer,18,original
Constantine Makris,1,412,2008-11-05 00:00:00,19003,Rumble,7850000.0,Christopher Ambrose & Richard Sweren,19,original
Fred Berner,2,413,2008-11-12 00:00:00,19001,Challenged,7910000.0,Ed Zuckerman & René Balcer,19,original
Chris Zalla,3,414,2008-11-19 00:00:00,19004,Lost Boys,7580000.0,Richard Sweren & Gina Gionfriddo,19,original
Michael Watkins,4,415,2008-11-26 00:00:00,19005,Falling,,Keith Eisner & Stephanie Sengupta,19,original
Constantine Makris,5,416,2008-12-03 00:00:00,19006,Knock Off,11260000.0,"Matt McGough, Jonathan Rintels, & William N. Fordes",19,original
Mario Van Peebles,6,417,2008-12-10 00:00:00,19007,Sweetie,7460000.0,Luke Schelhaas & Ed Zuckerman,19,original
Marisol Torres,7,418,2008-12-17 00:00:00,19002,Zero,6950000.0,Luke Schelhaas & Ed Zuckerman,19,original
Jim McKay,8,419,2009-01-07 00:00:00,19009,Chattel,10110000.0,Matthew McGough & William N. Fordes,19,original
Darnell Martin,9,420,2009-01-14 00:00:00,19010,By Perjury,8199999.999999999,Christopher Ambrose & Richard Sweren,19,original
Alex Chapple,10,421,2009-01-21 00:00:00,19008,Pledge,8490000.0,Gina Gionfriddo & Richard Sweren,19,original
Marc Levin,11,422,2009-01-28 00:00:00,19012,Lucky Stiff,8890000.0,Matthew McGough & Ed Zuckerman,19,original
Josh Marston,12,423,2009-02-04 00:00:00,19011,Illegitimate,8690000.0,Keith Eisner & Stephanie Sengupta,19,original
Alex Chapple,13,424,2009-02-11 00:00:00,19013,Crimebusters,7520000.0,Richard Sweren & Gina Gionfriddo,19,original
Fred Berner,14,425,2009-02-18 00:00:00,19014,Rapture,7150000.0,Luke Schelhaas & Ed Zuckerman,19,original
Jean de Segonzac,15,426,2009-03-11 00:00:00,19015,Bailout,7580000.0,Christopher Ambrose & Richard Sweren,19,original
Jim McKay,16,427,2009-03-18 00:00:00,19016,Take-out,7070000.0,Keith Eisner & William N. Fordes,19,original
Alex Chapple,17,428,2009-03-25 00:00:00,19017,Anchors Away,7250000.0,Matthew McGough & Ed Zuckerman,19,original
Michael Watkins,18,429,2009-04-29 00:00:00,19019,Promote This!,7690000.0,Christopher Ambrose & Richard Sweren,19,original
Roger Young,19,430,2009-05-06 00:00:00,19020,All New,8140000.000000001,Keith Eisner & William N. Fordes,19,original
Ernest Dickerson,20,431,2009-05-13 00:00:00,19018,Exchange,7820000.0,Stephanie Sengupta,19,original
Norberto Barba,21,432,2009-05-20 00:00:00,19021,Skate or Die,6700000.0,Luke Schelhaas & Ed Zuckerman,19,original
Fred Berner,22,433,2009-06-03 00:00:00,19022,The Drowned and the Saved,8790000.0,Richard Sweren & Gina Gionfriddo,19,original
Fred Gerber,1,23,1991-09-17 00:00:00,67416,Confession,,Michael Duggan & Robert Palm,2,original
Ed Sherin,2,24,1991-09-24 00:00:00,67405,The Wages of Love,,Teleplay: Ed Zuckerman Story: Robert Stuart Nathan & Ed Zuckerman,2,original
Don Scardino,3,25,1991-10-01 00:00:00,67411,Aria,,Teleplay: Christine Roum Story: Michael S. Chernuchin,2,original
Kristoffer Tabori,4,26,1991-10-08 00:00:00,67409,Asylum,,Teleplay: Kathy McCormick Story: Robert Palm,2,original
E.W. Swackhamer,5,27,1991-10-22 00:00:00,67404,God Bless the Child,,David Black & Robert Stuart Nathan,2,original
Daniel Sackheim,6,28,1991-10-29 00:00:00,67410,Misconception,,Teleplay: Michael S. Chernuchin Story: Michael Duggan & Michael S. Chernuchin,2,original
Ed Sherin,7,29,1991-11-05 00:00:00,67413,In Memory Of,,Teleplay: David Black & Robert Stuart Nathan Story: David Black & Siobhan Byrne,2,original
John Whitesell,8,30,1991-11-12 00:00:00,67403,Out of Control,,Teleplay: Jack Richardson Story: David Black & Robert Stuart Nathan,2,original
Gwen Arner,9,31,1991-11-19 00:00:00,67414,Renunciation,,Michael S. Chernuchin & Joe Morgenstern,2,original
Ed Sherin,10,32,1991-11-26 00:00:00,67415,Heaven,,Teleplay: Nancy Ann Miller and Robert Palm Story: Robert Palm,2,original
Steve Cohen,11,33,1991-12-10 00:00:00,67407,His Hour Upon the Stage,,Robert Stuart Nathan & Giles Blunt,2,original
Ed Sherin,12,34,1992-01-07 00:00:00,67406,Star Struck,,Teleplay: Robert Stuart Nathan & Sally Nemeth Story: David Black & Alan Gelb,2,original
James Frawley,13,35,1992-01-14 00:00:00,67418,Severance,,Teleplay: Michael S. Chernuchin & William N. Fordes Story: Michael Duggan & William N. Fordes,2,original
Peter Levin,14,36,1992-02-04 00:00:00,67422,Blood Is Thicker...,,Teleplay: Ed Zuckerman Story: Robert Stuart Nathan & Ed Zuckerman,2,original
Daniel Sackheim,15,37,1992-02-11 00:00:00,67417,Trust,,Teleplay: René Balcer Story: Michael Duggan & René Balcer,2,original
Daniel Sackheim,16,38,1992-02-18 00:00:00,67420,Vengeance,,Teleplay: Michael S. Chernuchin & René Balcer Story: Peter S. Greenberg & Michael S. Chernuchin,2,original
Fred Gerber,17,39,1992-03-03 00:00:00,67423,Sisters of Mercy,,Teleplay: René Balcer Story: Robert Palm & René Balcer,2,original
James Frawley,18,40,1992-03-31 00:00:00,67424,Cradle to Grave,,Robert Stuart Nathan & Sally Nemeth,2,original
Ed Sherin,19,41,1992-04-07 00:00:00,67425,The Fertile Fields,,Michael S. Chernuchin & René Balcer,2,original
Steve Robman,20,42,1992-04-14 00:00:00,67426,Intolerance,,Robert Stuart Nathan & Sally Nemeth,2,original
Ed Sherin,21,43,1992-04-28 00:00:00,67427,Silence,,Teleplay: René Balcer & Michael S. Chernuchin Story: René Balcer & Michael Duggan,2,original
Daniel Sackheim,22,44,1992-05-14 00:00:00,67428,The Working Stiff,,Teleplay: Robert Palm Story: William N. Fordes & Robert Palm,2,original
Fred Berner,1,434,2009-09-25 00:00:00,20001,Memo from the Dark Side,6290000.0,Keith Eisner & René Balcer,20,original
M.T. Adler,2,435,2009-10-02 00:00:00,20002,Just a Girl in the World,6680000.0,Richard Sweren & Christopher Ambrose,20,original
Michael Dinner,3,436,2009-10-09 00:00:00,20003,Great Satan,7230000.0,Luke Schelhaas & Ed Zuckerman,20,original
Constantine Makris,4,437,2009-10-16 00:00:00,20004,Reality Bites,7600000.0,Luke Schelhaas & Ed Zuckerman,20,original
Jim McKay,5,438,2009-10-23 00:00:00,20005,Dignity,7170000.0,Julie Martin & Richard Sweren,20,original
Darnell Martin,6,439,2009-10-30 00:00:00,20006,Human Flesh Search Engine,7000000.0,Matthew McGough & Ed Zuckerman,20,original
Rose Troche,7,440,2009-11-06 00:00:00,20007,Boy Gone Astray,7990000.0,Keith Eisner & René Balcer,20,original
Mario Van Peebles,8,441,2009-11-06 00:00:00,20008,Doped,8410000.0,Christopher Ambrose & Richard Sweren,20,original
William Klayer,9,442,2009-11-13 00:00:00,20009,For the Defense,7500000.0,Luke Schelhaas & Ed Zuckerman,20,original
Roger Young,10,443,2009-11-20 00:00:00,20010,Shotgun,7520000.0,Richard Sweren & Julie Martin,20,original
Alex Chapple,11,444,2009-12-11 00:00:00,20011,Fed,8770000.0,Keith Eisner & René Balcer,20,original
Marc Levin,12,445,2010-01-15 00:00:00,20012,Blackmail,7320000.0,Matthew McGough & Ed Zuckerman,20,original
Michael Pressman,13,446,2010-03-01 00:00:00,20013,Steel-Eyed Death,7580000.0,"Richard Sweren, Christopher Ambrose, & Julie Martin",20,original
Rose Troche,14,447,2010-03-01 00:00:00,20014,Boy on Fire,7860000.0,Teleplay by: Luke Schelhaas & Matthew McGough Story by: Ed Zuckerman & Matthew McGough,20,original
Alex Chapple,15,448,2010-03-08 00:00:00,20015,Brilliant Disguise,5180000.0,Teleplay by: Keith Eisner Story by: Keith Eisner & René Balcer,20,original
Fred Berner,16,449,2010-03-15 00:00:00,20016,Innocence,6900000.0,Richard Sweren & Julie Martin,20,original
Jim McKay,17,450,2010-03-22 00:00:00,20017,Four Cops Shot,5930000.0,"Matt McGough, Luke Schelhaas, & Ed Zuckerman",20,original
Jean de Segonzac,18,451,2010-03-29 00:00:00,20018,Brazil,6010000.0,Teleplay by: Keith Eisner Story by: Keith Eisner & René Balcer,20,original
Darnell Martin,19,452,2010-05-03 00:00:00,20019,Crashers,6180000.0,"Richard Sweren, Christopher Ambrose, & Julie Martin",20,original
Fred Berner,20,453,2010-05-10 00:00:00,20020,The Taxman Cometh,6170000.0,Teleplay by: William N. Fordes Story by: William N. Fordes & Ed Zuckerman,20,original
Jim McKay,21,454,2010-05-17 00:00:00,20021,Immortal,5910000.0,Richard Sweren & Julie Martin,20,original
William Klayer,22,455,2010-05-17 00:00:00,20022,Love Eternal,6240000.0,Ed Zuckerman,20,original
René Balcer,23,456,2010-05-24 00:00:00,20023,Rubber Room,7600000.0,René Balcer,20,original
Daniel Sackheim,1,45,1992-09-23 00:00:00,68009,Skin Deep,,Robert Nathan & Gordon Rayfield,3,original
Ed Sherin,2,46,1992-09-30 00:00:00,68006,Conspiracy,,Michael S. Chernuchin & René Balcer,3,original
Bill D'Elia,3,47,1992-10-07 00:00:00,68005,Forgiveness,,Ed Zuckerman & Robert Nathan,3,original
Don Scardino,4,48,1992-10-14 00:00:00,68007,The Corporate Veil,,"Joe Morgenstern, Michael S. Chernuchin",3,original
Vern Gillum,5,49,1992-10-21 00:00:00,68004,Wedded Bliss,,Robert Nathan & Edward Pomerantz,3,original
James Frawley,6,50,1992-11-04 00:00:00,68011,Helpless,,Michael S. Chernuchin & Christine Roum,3,original
Ed Sherin,7,51,1992-11-11 00:00:00,68008,Self Defense,,Hall Powell & René Balcer,3,original
Gilbert M. Shilton,8,52,1992-11-18 00:00:00,68003,Prince of Darkness,,Robert Nathan & William N. Fordes,3,original
Gilbert Moses,9,53,1992-11-25 00:00:00,68012,Point of View,,Walon Green & René Balcer,3,original
James Hayman,10,54,1992-12-09 00:00:00,68014,Consultation,,Matt Kiene & Joe Reinkemeyer,3,original
Charlie Correll,11,55,1993-01-06 00:00:00,68015,Extended Family,,Wendell Rawls & Robert Nathan,3,original
James Frawley,12,56,1993-01-13 00:00:00,68019,Right to Counsel,,Michael S. Chernuchin & Barry M. Schkolnick,3,original
Ed Sherin,13,57,1993-02-03 00:00:00,68018,Night and Fog,,Michael S. Chernuchin & René Balcer,3,original
Ed Sherin,14,58,1993-02-10 00:00:00,68022,Promises to Keep,,"Douglas Stark, Robert Nathan, Joshua Stern, & William N. Fordes",3,original
Daniel Sackheim,15,59,1993-02-24 00:00:00,68024,Mother Love,,Robert Nathan & Walon Green,3,original
Bruce Seth Green,16,60,1993-03-03 00:00:00,68017,Jurisdiction,,Walon Green & René Balcer,3,original
Arthur W. Forney,17,61,1993-03-10 00:00:00,68023,Conduct Unbecoming,,"Michael S. Chernuchin, Walon Green, Peter S. Greenberg, & René Balcer",3,original
Ed Sherin,18,62,1993-03-17 00:00:00,68021,Animal Instinct,,Michael S. Chernuchin & Sibyl Gardner,3,original
Steve Robman,19,63,1993-04-21 00:00:00,68010,Virus,,Michael S. Chernuchin & René Balcer,3,original
James Hayman,20,64,1993-05-05 00:00:00,68026,Securitate,,Matt Kiene & Joe Reinkemeyer,3,original
Ed Sherin,21,65,1993-05-12 00:00:00,68025,Manhood,,Robert Nathan & Walon Green,3,original
Ed Sherin,22,66,1993-05-19 00:00:00,68028,Benevolence,,Doug Palau & René Balcer,3,original
James Frawley,1,67,1993-09-15 00:00:00,69009,Sweeps,,Craig McNeer & Robert Nathan,4,original
James Quinn,2,68,1993-09-29 00:00:00,69017,Volunteers,,René Balcer,4,original
Ed Sherin,3,69,1993-10-06 00:00:00,69012,Discord,,Michael S. Chernuchin,4,original
E.W. Swackhamer,4,70,1993-10-13 00:00:00,69010,Profile,,Gordon Rayfield & Ed Zuckerman,4,original
Arthur W. Forney,5,71,1993-10-20 00:00:00,69004,Black Tie,,Michael S. Chernuchin & Walon Green,4,original
Gilbert M. Shilton,6,72,1993-10-27 00:00:00,69006,Pride and Joy,,Edward Pomerantz & Robert Nathan,4,original
Gabrielle Beaumont,7,73,1993-11-03 00:00:00,69013,Apocrypha,,Michael S. Chernuchin,4,original
Constantine Makris,8,74,1993-11-09 00:00:00,69018,American Dream,,Sibyl Gardner,4,original
Fred Gerber,9,75,1993-11-16 00:00:00,69021,Born Bad,,Michael S. Chernuchin & Sally Nemeth,4,original
Dann Florek,10,76,1993-12-01 00:00:00,69005,The Pursuit of Happiness,,Morgan Gendel & Robert Nathan,4,original
Helaine Head,11,77,1994-01-05 00:00:00,69008,Golden Years,,Doug Palau & Ed Zuckerman,4,original
Constantine Makris,12,78,1994-01-12 00:00:00,69024,Snatched,,Walon Green & René Balcer,4,original
Arthur W. Forney,13,79,1994-01-19 00:00:00,69023,Breeder,,Michael S. Chernuchin & René Balcer,4,original
Ed Sherin,14,80,1994-02-02 00:00:00,69026,Censure,,William N. Fordes,4,original
Don Scardino,15,81,1994-02-09 00:00:00,69028,Kids,,Michael Harbert & Robert Nathan,4,original
Dann Florek,16,82,1994-03-02 00:00:00,69027,Big Bang,,Ed Zuckerman,4,original
James Quinn,17,83,1994-03-09 00:00:00,69029,Mayhem,,"Michael S. Chernuchin, Walon Green, & René Balcer",4,original
Ed Sherin,18,84,1994-03-30 00:00:00,69002,Wager,,"Kevin Arkadie, Harvey Solomon, & Michael S. Chernuchin",4,original
Arthur W. Forney,19,85,1994-04-13 00:00:00,69030,Sanctuary,,Michael S. Chernuchin & William N. Fordes,4,original
Jace Alexander,20,86,1994-05-04 00:00:00,69011,Nurture,,Paris Qualles & Ed Zuckerman,4,original
Ed Sherin,21,87,1994-05-18 00:00:00,69001,Doubles,,Michael S. Chernuchin & René Balcer,4,original
James Quinn,22,88,1994-05-25 00:00:00,69031,Old Friends,,Joshua Stern & Robert Nathan,4,original
Ed Sherin,1,89,1994-09-21 00:00:00,69408,Second Opinion,,Michael S. Chernuchin & Jeremy R. Littman,5,original
Jace Alexander,2,90,1994-09-28 00:00:00,69406,Coma,,Ed Zuckerman,5,original
Don Scardino,3,91,1994-10-05 00:00:00,69402,Blue Bamboo,,"Morgan Gendel, Hall Powell & René Balcer",5,original
Constantine Makris,4,92,1994-10-12 00:00:00,69401,Family Values,,William N. Fordes & René Balcer,5,original
Steve Robman,5,93,1994-10-19 00:00:00,69411,White Rabbit,,Ed Zuckerman & Morgan Gendel,5,original
Fred Gerber,6,94,1994-11-02 00:00:00,69409,Competence,,Michael S. Chernuchin & Mark B. Perry,5,original
Constantine Makris,7,95,1994-11-09 00:00:00,69410,Precious,,I. C. Rapoport & René Balcer,5,original
Martha Mitchell,8,96,1994-11-23 00:00:00,69412,Virtue,,Mark B. Perry & Jeremy R. Littman,5,original
Marc Laub,9,97,1994-11-30 00:00:00,69415,Scoundrels,,Ed Zuckerman & Charles C. Mann,5,original
James Quinn,10,98,1995-01-04 00:00:00,69413,House Counsel,,Michael S. Chernuchin & Barry M. Schkolnick,5,original
Christopher Misiano,11,99,1995-01-11 00:00:00,69404,Guardian,,"Brad Markowitz, William N. Fordes & René Balcer",5,original
Don Scardino,12,100,1995-01-25 00:00:00,69416,Progeny,,"Ed Zuckerman, Morgan Gendel & Mark B. Perry",5,original
Arthur W. Forney,13,101,1995-02-01 00:00:00,69414,Rage,,Michael S. Chernuchin,5,original
Martha Mitchell,14,102,1995-02-08 00:00:00,69419,Performance,,"René Balcer, Jeremy R. Littman & Ed Zuckerman",5,original
Don Scardino,15,103,1995-02-15 00:00:00,69420,Seed,,Michael S. Chernuchin & Janis Diamond,5,original
Lewis H. Gould,16,104,1995-03-15 00:00:00,69417,Wannabe,,I. C. Rapoport & René Balcer,5,original
Constantine Makris,17,105,1995-03-22 00:00:00,69422,Act of God,,Ed Zuckerman & Walter Dallenbach,5,original
Vincent Misiano,18,106,1995-04-05 00:00:00,69418,Privileged,,Jeremy R. Littman & Suzanne O'Malley,5,original
Matthew Penn,19,107,1995-04-19 00:00:00,69423,Cruel and Unusual,,René Balcer & Michael S. Chernuchin,5,original
Dann Florek,20,108,1995-04-26 00:00:00,69426,Bad Faith,,René Balcer,5,original
Arthur W. Forney,21,109,1995-05-03 00:00:00,69421,Purple Heart,,Morgan Gendel & William N. Fordes,5,original
Christopher Misiano,22,110,1995-05-17 00:00:00,69425,Switch,,Jeremy R. Littman & Sibyl Gardner,5,original
Ed Sherin,23,111,1995-05-24 00:00:00,69427,Pride,,Ed Zuckerman & Gene Ritchings,5,original
Constantine Makris,1,112,1995-09-20 00:00:00,K0105,Bitter Fruit,,Jeremy R. Littman & René Balcer,6,original
Ed Sherin,2,113,1995-09-27 00:00:00,K0106,Rebels,,Ed Zuckerman & Suzanne O'Malley,6,original
Jace Alexander,3,114,1995-10-18 00:00:00,K0103,Savages,,"Michael S. Chernuchin, Barry M. Schkolnick, & Morgan Gendel",6,original
Christopher Misiano,4,115,1995-11-01 00:00:00,K0107,Jeopardy,,Jeremy R. Littman & René Balcer,6,original
Lewis H. Gould,5,116,1995-11-08 00:00:00,K0110,Hot Pursuit,,Ed Zuckerman & Morgan Gendel,6,original
Fred Gerber,6,117,1995-11-15 00:00:00,K0104,Paranoia,,Michael S. Chernuchin,6,original
Matthew Penn,7,118,1995-11-22 00:00:00,K0111,Humiliation,,Michael S. Chernuchin & Barry M. Schkolnick,6,original
Arthur W. Forney,8,119,1995-11-29 00:00:00,K0114,Angel,,Michael S. Chernuchin & Janis Diamond,6,original
Constantine Makris,9,120,1996-01-03 00:00:00,K0109,Blood Libel,,I. C. Rapoport & René Balcer,6,original
Jace Alexander,10,121,1996-01-10 00:00:00,K0113,Remand,,Elaine Loeser & René Balcer,6,original
Christopher Misiano,11,122,1996-01-17 00:00:00,K0115,Corpus Delicti,,Ed Zuckerman & Barry M. Schkolnick,6,original
Martha Mitchell,12,123,1996-01-31 00:00:00,K0114,Trophy,,Jeremy R. Littman & Ed Zuckerman,6,original
Ed Sherin,13,124,1996-02-02 00:00:00,K0116,Charm City,,Michael S. Chernuchin & Jorge Zamacona,6,original
Constantine Makris,14,125,1996-02-21 00:00:00,K0117,Custody,,Morgan Gendel & René Balcer,6,original
Matthew Penn,15,126,1996-02-28 00:00:00,K0120,Encore,,Jeremy R. Littman & Ed Zuckerman,6,original
David Platt,16,127,1996-03-13 00:00:00,K0121,Savior,,Michael S. Chernuchin & Barry M. Schkolnick,6,original
Vincent Misiano,17,128,1996-03-27 00:00:00,K0118,Deceit,,Eddie Feldmann & René Balcer,6,original
Martha Mitchell,18,129,1996-04-10 00:00:00,K0123,Atonement,,Morgan Gendel & Ed Zuckerman,6,original
Jace Alexander,19,130,1996-04-21 00:00:00,K0122,Slave,,Elaine Loeser & René Balcer,6,original
Christopher Misiano,20,131,1996-05-01 00:00:00,K0124,Girlfriends,,"Ed Zuckerman, Suzanne O'Malley, & Jeremy R. Littman",6,original
Lewis H. Gould,21,132,1996-05-08 00:00:00,K0119,Pro Se,,I. C. Rapoport & René Balcer,6,original
Matthew Penn,22,133,1996-05-15 00:00:00,K0126,Homesick,,"Barry M. Schkolnick, Elaine Loeser, & Michael S. Chernuchin",6,original
Martha Mitchell,23,134,1996-05-22 00:00:00,K0125,Aftershock,,Janis Diamond & Michael S. Chernuchin,6,original
Ed Sherin,1,135,1996-09-18 00:00:00,,Causa Mortis,,René Balcer,7,original
Constantine Makris,2,136,1996-09-25 00:00:00,,I.D.,,Ed Zuckerman,7,original
Jace Alexander,3,137,1996-10-07 00:00:00,,Good Girl,,Jeremy R. Littman,7,original
Vincent Misiano,4,138,1996-10-23 00:00:00,,Survivor,,Barry M. Schkolnick,7,original
Matthew Penn,5,139,1996-10-30 00:00:00,,Corruption,,Gardner Stern & René Balcer,7,original
Christopher Misiano,6,140,1996-11-06 00:00:00,,Double Blind,,Jeremy R. Littman & William N. Fordes,7,original
Constantine Makris,7,141,1996-11-13 00:00:00,,Deadbeat,,Ed Zuckerman & I. C. Rapoport,7,original
Lewis H. Gould,8,142,1996-11-20 00:00:00,,Family Business,,Gardner Stern & Barry M. Schkolnick,7,original
Matthew Penn,9,143,1997-01-08 00:00:00,,Entrapment,,René Balcer & Richard Sweren,7,original
Brian Mertes,10,144,1997-01-15 00:00:00,,Legacy,,Ed Zuckerman & Jeremy R. Littman,7,original
Constantine Makris,11,145,1997-02-05 00:00:00,,Menace,,I. C. Rapoport & Barry M. Schkolnick,7,original
Dan Karlok,12,146,1997-02-12 00:00:00,,Barter,,Eddie Feldmann & René Balcer,7,original
Lewis H. Gould,13,147,1997-02-19 00:00:00,,Matrimony,,Ed Zuckerman & Richard Sweren,7,original
Jace Alexander,14,148,1997-02-26 00:00:00,,Working Mom,,Jeremy R. Littman & I. C. Rapoport,7,original
Ed Sherin,15,149,1997-03-13 00:00:00,,D-Girl,,"Gardner Stern, Ed Zuckerman, & René Balcer",7,original
Ed Sherin,16,150,1997-03-20 00:00:00,,Turnaround,,"Gardner Stern, Ed Zuckerman, & René Balcer",7,original
Ed Sherin,17,151,1997-03-27 00:00:00,,Showtime,,"Gardner Stern, Ed Zuckerman, & René Balcer",7,original
Christopher Misiano,18,152,1997-04-02 00:00:00,,Mad Dog,,René Balcer,7,original
Arthur W. Forney,19,153,1997-04-16 00:00:00,,Double Down,,"Richard Sweren, Shimon Wincelberg, & Ed Zuckerman",7,original
David Platt,20,154,1997-04-30 00:00:00,,We Like Mike,,Gardner Stern & I. C. Rapoport,7,original
Constantine Makris,21,155,1997-05-07 00:00:00,,Passion,,Barry M. Schkolnick & Richard Sweren,7,original
Christopher Misiano,22,156,1997-05-14 00:00:00,,Past Imperfect,,Janis Diamond,7,original
Constantine Makris,23,157,1997-05-21 00:00:00,,Terminal,,Ed Zuckerman & René Balcer,7,original
Martha Mitchell,1,158,1997-09-24 00:00:00,,Thrill,,René Balcer,8,original
Christopher Misiano,2,159,1997-10-08 00:00:00,,Denial,,René Balcer & David Shore,8,original
Jace Alexander,3,160,1997-10-15 00:00:00,,Navy Blues,,Kathy McCormick & Dick Wolf,8,original
Matthew Penn,4,161,1997-10-29 00:00:00,,Harvest,,I. C. Rapoport & René Balcer,8,original
Constantine Makris,5,162,1997-11-05 00:00:00,,Nullification,,David Black,8,original
Ed Sherin,6,163,1997-11-12 00:00:00,,"Baby, It's You",,Jorge Zamacona,8,original
Jace Alexander,7,164,1997-11-19 00:00:00,,Blood,,Craig Tepper & René Balcer,8,original
Matthew Penn,8,165,1997-11-26 00:00:00,,Shadow,,Richard Sweren,8,original
Constantine Makris,9,166,1997-12-10 00:00:00,,Burned,,Siobhan B. O'Connor,8,original
Brian Mertes,10,167,1997-12-17 00:00:00,,Ritual,,Kathy McCormick & Richard Sweren,8,original
Adam Davidson,11,168,1998-01-07 00:00:00,,Under the Influence,,René Balcer,8,original
Lewis H. Gould,12,169,1998-01-21 00:00:00,,Expert,,David Shore & I. C. Rapoport,8,original
Gloria Muzio,13,170,1998-01-28 00:00:00,,Castoff,,David Black & Harold Schecter,8,original
Christopher Misiano,14,171,1998-02-04 00:00:00,,Grief,,Suzanne Oshry,8,original
Martha Mitchell,15,172,1998-02-25 00:00:00,,Faccia a Faccia,,René Balcer & Eddie Feldmann,8,original
Constantine Makris,16,173,1998-03-04 00:00:00,,Divorce,,Barry M. Schkolnick,8,original
J. Ranelli,17,174,1998-04-01 00:00:00,,Carrier,,David Black,8,original
Richard Dobbs,18,175,1998-04-15 00:00:00,,Stalker,,Kathy McCormick,8,original
David Platt,19,176,1998-04-22 00:00:00,,Disappeared,,Richard Sweren & William N. Fordes,8,original
Constantine Makris,20,177,1998-04-24 00:00:00,,Burden,,David Shore & I. C. Rapoport,8,original
Jace Alexander,21,178,1998-04-28 00:00:00,,Bad Girl,,Richard Sweren & René Balcer,8,original
Constantine Makris,22,179,1998-05-06 00:00:00,,Damaged,,Janis Diamond,8,original
Brian Mertes,23,180,1998-05-13 00:00:00,,Tabloid,,David Black & Alec Baldwin,8,original
Ed Sherin,24,181,1998-05-20 00:00:00,,Monster,,Richard Sweren & René Balcer,8,original
Ed Sherin,1,182,1998-09-23 00:00:00,E0203,Cherished,,"Kathy McCormick, Carl Nelson, Scott Tobin",9,original
Constantine Makris,2,183,1998-10-07 00:00:00,E0205,DWB,,"René Balcer, Kathy McCormick",9,original
Lewis H. Gould,3,184,1998-10-14 00:00:00,E0204,Bait,,"I. C. Rapoport, David Shore",9,original
David Platt,4,185,1998-10-21 00:00:00,E0209,Flight,,"Richard Sweren, William N. Fordes",9,original
Constantine Makris,5,186,1998-11-04 00:00:00,E0216,Agony,,Kathy McCormick,9,original
Martha Mitchell,6,187,1998-11-11 00:00:00,E0208,Scrambled,,"Dick Teresi, Ed Zuckerman, Judith Hopper",9,original
Jace Alexander,7,188,1998-11-18 00:00:00,E0206,Venom,,"I. C. Rapoport, David Shore",9,original
Matthew Penn,8,189,1998-11-25 00:00:00,E0215,Punk,,"Matt Witten, Richard Sweren",9,original
Arthur W. Forney,9,190,1998-12-09 00:00:00,E0207,True North,,Ed Zuckerman,9,original
Constantine Makris,10,191,1999-01-06 00:00:00,E0214,Hate,,René Balcer,9,original
Matthew Penn,11,192,1999-01-13 00:00:00,E0211,Ramparts,,"Kathy McCormick, Lynne E. Litt",9,original
David Platt,12,193,1999-02-10 00:00:00,E0219,Haven,,"David Shore, I. C. Rapoport",9,original
Richard Dobbs,13,194,1999-02-10 00:00:00,E0218,Hunters,,"Gerry Conway, William N. Fordes",9,original
Ed Sherin,14,195,1999-02-17 00:00:00,E0210,Sideshow,,René Balcer,9,original
Martha Mitchell,15,196,1999-02-24 00:00:00,E0220,Disciple,,"Kathy McCormick, Lynne E. Litt, Richard Sweren",9,original
Richard Dobbs,16,197,1999-03-03 00:00:00,E0213,Harm,,"Eddie Feldmann, René Balcer",9,original
Stephen Wertimer,17,198,1999-03-24 00:00:00,E0220,Shield,,"David Shore, I. C. Rapoport, René Balcer",9,original
Lewis H. Gould,18,199,1999-04-14 00:00:00,E0223,Juvenile,,"Richard Sweren, Lynne E. Litt",9,original
Richard Dobbs,19,200,1999-04-21 00:00:00,E0222,Tabula Rasa,,"William N. Fordes, Kathy McCormick",9,original
Matthew Penn,20,201,1999-05-05 00:00:00,E0217,Empire,,René Balcer,9,original
Christopher Misiano,21,202,1999-05-12 00:00:00,E0221,Ambitious,,"Barry M. Schkolnick, Richard Sweren",9,original
Jace Alexander,22,203,1999-05-19 00:00:00,E0224,Admissions,,"William N. Fordes, Lynne E. Litt, Kathy McCormick",9,original
Constantine Makris,23,204,1999-05-26 00:00:00,E0212,Refuge (Part 1),,René Balcer,9,original
Constantine Makris,24,205,1999-05-26 00:00:00,E0225,Refuge (Part 2),,René Balcer,9,original
